Workbook

Sheet WindTurbineConfiguration
A1: Baseline 20 MW
A7: Class and Category | B7: IEC Class 1C
A8: Rotor Rotation | B8: Clockwise rotation
A9: Rotor Orientation | B9: Upwind
A10: Number of Blades | B10: 3
A11: Control | B11: Variable speed collective pitch
A12: Drivetrain | B12: Single Stage
A13: Rated Mechanical Power | B13: 21.276596 | C13: [MW]
A14: Rotor Diameter | B14: 252.2 | C14: [m]
A15: Hub Height | B15: 167.93 | C15: [m]
A16: Rotor Cone Angle | B16: 2.5 | C16: [deg]
A17: Nacelle Uptilt Angle | B17: 5 | C17: [deg]
A18: Rotor Overhang | B18: 10.04 | C18: [m]
A19: Length Blade Root Flange | B19: 3.96 | C19: [m]
A20: Hub Mass | B20: 278470 | C20: [kg]
A21: Nacelle Mass | B21: 1098270 | C21: [kg]
A22: Generator Mass | B22: 0 | C22: [kg]
A23: Blade Mass | B23: 113505.68 | C23: [kg]
A24: Tower Mass | B24: 630 | C24: [tons]
... A31: CoE | B31: 75 | C31: [$/MWh]
A33: Version | B33: Revisions | C33: Date | D33: Author | F33: Institution | H33: Comments
A34: 1 | B34: 0 | C34: 43515 | D34: L. Sartori, F. Bellini, A. Croce | F34: PoliMI | H34: Baseline version with DTU controller.

Sheet WTControl
A1: Wind Turbine Control Data
A2: Cp Rated | B2: 0.45018087 | C2: [-] | F2: CTRL | G2: 100
A3: Pitch Rated | B3: 0.21789647 | C3: [deg]
A4: TSR Rated | B4: 7.7314265 | C4: [-]
A5: Omega Rated | B5: 6.7679777 | C5: [rpm]
A6: Torque Rated | B6: 30.020271 | C6: [MNm] | E6: 44.123 | F6: Max torque
A7: Max Tip Speed | B7: 90 | C7: [m/s]
A8: Cut In Wind Speed | B8: 4 | C8: [m/s]
A9: Cut Out Wind Speed | B9: 25 | C9: [m/s]
A10: Wind Speed Rated | B10: 11.559605 | C10: [m/s]
A11: Min Rotor Speed | B11: 1.7564556 | C11: [rpm]
A12: Max Rotor Speed | B12: 7.4447755 | C12: [rpm]
A13: Sample Time Controller | B13: 0.02 | C13: [s]
A15: Look Up Table WT States | I15: Turbulent Power Curve
A16: Wind Speed | B16: Cp | C16: Pitch Angle | D16: TSR | E16: Omega | F16: Torque | G16: Power | I16: Wind Speed | J16: Mech. Power | K16: Electr. Power | L16: Mech. Power Min | M16: Electr. Power Min | N16: Mech. Power Max | O16: Electr. Power Max | P16: Mech. Power Std | Q16: Electr. Power Std
A17: [m/s] | B17: [-] | C17: [deg] | D17: [-] | E17: [rpm] | F17: [MNm] | G17: [MW] | I17: [m/s] | J17: [MW] | K17: [MW] | L17: [MW] | M17: [MW] | N17: [MW] | O17: [MW] | P17: [MW] | Q17: [MW]
A18: 3 | B18: 0.45018087 | C18: 0.21789647 | D18: 7.7314265 | E18: 1.7564556 | F18: 2.0219534 | G18: 0.37190921 | I18: 4 | J18: 0.35673337 | K18: 0.33532937 | L18: -0.045124858 | M18: -0.042417367 | N18: 1.2053236 | O18: 1.1330042 | P18: 0.30207056 | Q18: 0.28394632
A19: 3.1 | B19: 0.45018087 | C19: 0.21789647 | D19: 7.7314265 | E19: 1.8150042 | F19: 2.1589969 | G19: 0.41035361 | I19: 5 | J19: 1.1378371 | K19: 1.0695668 | L19: -0.0081451564 | M19: -0.007656447 | N19: 2.345722 | O19: 2.2049787 | P19: 0.54632127 | Q19: 0.513542
A20: 3.2 | B20: 0.45018087 | C20: 0.21789647 | D20: 7.7314265 | E20: 1.8735527 | F20: 2.3005336 | G20: 0.45136004 | I20: 7 | J20: 4.2897453 | K20: 4.0323605 | L20: 1.6918222 | M20: 1.5903129 | N20: 7.9047226 | O20: 7.4304393 | P20: 1.6084666 | Q20: 1.5119586
A21: 3.3 | B21: 0.45018087 | C21: 0.21789647 | D21: 7.7314265 | E21: 1.9321012 | F21: 2.4465636 | G21: 0.49501116 | I21: 9 | J21: 8.8655334 | K21: 8.3336014 | L21: 5.780951 | M21: 5.434094 | N21: 11.683992 | O21: 10.982952 | P21: 1.833699 | Q21: 1.723677
A22: 3.4 | B22: 0.45018087 | C22: 0.21789647 | D22: 7.7314265 | E22: 1.9906497 | F22: 2.5970868 | G22: 0.54138962 | I22: 11 | J22: 15.935983 | K22: 14.979824 | L22: 11.274165 | M22: 10.597715 | N22: 23.829599 | O22: 22.399823 | P22: 3.7039624 | Q22: 3.4817246
A23: 3.5 | B23: 0.45018087 | C23: 0.21789647 | D23: 7.7314265 | E23: 2.0491982 | F23: 2.7521032 | G23: 0.59057806 | I23: 13 | J23: 21.01544 | K23: 19.754514 | L23: 15.989684 | M23: 15.030303 | N23: 22.952165 | O23: 21.575035 | P23: 1.1193732 | Q23: 1.0522108
A24: 3.6 | B24: 0.45018087 | C24: 0.21789647 | D24: 7.7314265 | E24: 2.1077468 | F24: 2.9116128 | G24: 0.64265912 | I24: 15 | J24: 21.260589 | K24: 19.984953 | L24: 19.333433 | M24: 18.173427 | N24: 24.545127 | O24: 23.07242 | P24: 0.87738597 | Q24: 0.82474281
A25: 3.7 | B25: 0.45018087 | C25: 0.21789647 | D25: 7.7314265 | E25: 2.1662953 | F25: 3.0756157 | G25: 0.69771546 | I25: 17 | J25: 21.254103 | K25: 19.978857 | L25: 18.972946 | M25: 17.83457 | N25: 24.497836 | O25: 23.027966 | P25: 0.78906098 | Q25: 0.74171733
A26: 3.8 | B26: 0.45018087 | C26: 0.21789647 | D26: 7.7314265 | E26: 2.2248438 | F26: 3.2441118 | G26: 0.75582972 | I26: 19 | J26: 21.257886 | K26: 19.982412 | L26: 19.352167 | M26: 18.191037 | N26: 23.404533 | O26: 22.000261 | P26: 0.70655263 | Q26: 0.66415947
A27: 3.9 | B27: 0.45018087 | C27: 0.21789647 | D27: 7.7314265 | E27: 2.2833923 | F27: 3.4171012 | G27: 0.81708454 | I27: 21 | J27: 21.434175 | K27: 20.148125 | L27: 19.253017 | M27: 18.097836 | N27: 24.22793 | O27: 22.774255 | P27: 0.82794768 | Q27: 0.77827082
A28: 4 | B28: 0.45018087 | C28: 0.21789647 | D28: 7.7314265 | E28: 2.3419408 | F28: 3.5945838 | G28: 0.88156258 | I28: 23 | J28: 21.279301 | K28: 20.002543 | L28: 19.534974 | M28: 18.362875 | N28: 23.364082 | O28: 21.962237 | P28: 0.67472261 | Q28: 0.63423926
A29: 4.1 | B29: 0.45018087 | C29: 0.21789647 | D29: 7.7314265 | E29: 2.4004894 | F29: 3.7765596 | G29: 0.94934648 | I29: 25 | J29: 21.442235 | K29: 20.155701 | L29: 19.281487 | M29: 18.124598 | N29: 24.319012 | O29: 22.859872 | P29: 0.81315092 | Q29: 0.76436186
A30: 4.2 | B30: 0.45018087 | C30: 0.21789647 | D30: 7.7314265 | E30: 2.4590379 | F30: 3.9630286 | G30: 1.0205189
A31: 4.3 | B31: 0.45018087 | C31: 0.21789647 | D31: 7.7314265 | E31: 2.5175864 | F31: 4.1539909 | G31: 1.0951624
A32: 4.4 | B32: 0.45018087 | C32: 0.21789647 | D32: 7.7314265 | E32: 2.5761349 | F32: 4.3494463 | G32: 1.1733598
A33: 4.5 | B33: 0.45018087 | C33: 0.21789647 | D33: 7.7314265 | E33: 2.6346834 | F33: 4.5493951 | G33: 1.2551936
A34: 4.6 | B34: 0.45018087 | C34: 0.21789647 | D34: 7.7314265 | E34: 2.693232 | F34: 4.753837 | G34: 1.3407465
A35: 4.7 | B35: 0.45018087 | C35: 0.21789647 | D35: 7.7314265 | E35: 2.7517805 | F35: 4.9627722 | G35: 1.4301011
A36: 4.8 | B36: 0.45018087 | C36: 0.21789647 | D36: 7.7314265 | E36: 2.810329 | F36: 5.1762006 | G36: 1.5233401
A37: 4.9 | B37: 0.45018087 | C37: 0.21789647 | D37: 7.7314265 | E37: 2.8688775 | F37: 5.3941223 | G37: 1.6205462
A38: 5 | B38: 0.45018087 | C38: 0.21789647 | D38: 7.7314265 | E38: 2.9274261 | F38: 5.6165371 | G38: 1.7218019
A39: 5.1 | B39: 0.45018087 | C39: 0.21789647 | D39: 7.7314265 | E39: 2.9859746 | F39: 5.8434452 | G39: 1.82719
A40: 5.2 | B40: 0.45018087 | C40: 0.21789647 | D40: 7.7314265 | E40: 3.0445231 | F40: 6.0748466 | G40: 1.936793
A41: 5.3 | B41: 0.45018087 | C41: 0.21789647 | D41: 7.7314265 | E41: 3.1030716 | F41: 6.3107411 | G41: 2.0506936
... A288: 30 | B288: 0.025754448 | C288: 26.557763 | D288: 2.9790745 | E288: 6.7679777 | F288: 30.020271 | G288: 21.276596

Sheet BladeExternalGeometry
A1: Eta | B1: Chord | C1: Twist | D1: Pitch Axis | E1: Airfoil Thickness | F1: PreBend | G1: Sweep | H1: AC Axis | I1: LE | J1: TE
A2: [-] | B2: [mm] | C2: [deg] | D2: [% chord] | E2: [%] | F2: [mm] | G2: [mm] | H2: [%] | I2: [mm] | J2: [mm]
A3: 0 | B3: 6505 | C3: 14.5 | D3: 50 | E3: 100 | F3: 0 | G3: 0 | H3: 50 | I3: -3252.5 | J3: 3252.5
A4: 0.01 | B4: 6505 | C4: 14.5 | D4: 50 | E4: 100 | F4: 0 | G4: 0 | H4: 49.981214 | I4: -3252.5 | J4: 3252.5
A5: 0.021276596 | B5: 6505 | C5: 14.5 | D5: 50 | E5: 99.969972 | F5: 0 | G5: 0 | H5: 49.894667 | I5: -3252.5 | J5: 3252.5
A6: 0.025 | B6: 6505 | C6: 14.5 | D6: 50 | E6: 99.941131 | F6: 0 | G6: 0 | H6: 49.86609 | I6: -3252.5 | J6: 3252.5
A7: 0.042553191 | B7: 6505 | C7: 14.5 | D7: 50 | E7: 98.667055 | F7: 0 | G7: 0 | H7: 48.91975 | I7: -3252.5 | J7: 3252.5
A8: 0.05 | B8: 6505 | C8: 14.5 | D8: 50 | E8: 97.668448 | F8: 0 | G8: 0 | H8: 48.518272 | I8: -3252.5 | J8: 3252.5
A9: 0.063829787 | B9: 6507.8432 | C9: 14.5 | D9: 49.907102 | E9: 94.943443 | F9: 0 | G9: 0 | H9: 46.238513 | I9: -3247.8759 | J9: 3259.9673
A10: 0.0834 | B10: 6570.4151 | C10: 14.485059 | D10: 49.775644 | E10: 89.743545 | F10: 0 | G10: 0 | H10: 43.012478 | I10: -3270.4664 | J10: 3299.9487
A11: 0.085106383 | B11: 6587.0912 | C11: 14.476975 | D11: 49.710641 | E11: 89.198173 | F11: 0 | G11: 0 | H11: 42.725184 | I11: -3274.4852 | J11: 3312.6059
A12: 0.1 | B12: 6744.9575 | C12: 14.392158 | D12: 49.143286 | E12: 84.337852 | F12: 0 | G12: 0 | H12: 40.217626 | I12: -3314.6938 | J12: 3430.2638
A13: 0.10638298 | B13: 6837.6657 | C13: 14.320853 | D13: 48.622749 | E13: 82.07095 | F13: 0 | G13: 0 | H13: 39.283725 | I13: -3324.661 | J13: 3513.0046
A14: 0.12765957 | B14: 7210.9558 | C14: 13.894653 | D14: 46.887627 | E14: 74.195299 | F14: 0 | G14: 0 | H14: 36.17072 | I14: -3381.046 | J14: 3829.9098
... A67: 1 | B67: 42.4 | C67: -3.428 | D67: 35 | E67: 24.1 | F67: 0 | G67: 0 | H67: 24.997724 | I67: -14.84 | J67: 27.56

Sheet Airfoils
A1: Airfoil Name | B1: Span Position | C1: Thickness | D1: Reynolds | E1: Chordwise Pitch Position | I1: Airfoil Name | J1: Span Position | K1: Thickness | L1: Reynolds | M1: Chordwise Pitch Position | Q1: Airfoil Name | R1: Span Position | S1: Thickness | T1: Reynolds | U1: Chordwise Pitch Position | Y1: Airfoil Name | Z1: Span Position | AA1: Thickness | AB1: Reynolds | AC1: Chordwise Pitch Position | AG1: Airfoil Name | AH1: Span Position | AI1: Thickness | AJ1: Reynolds | AK1: Chordwise Pitch Position | AO1: Airfoil Name | AP1: Span Position | AQ1: Thickness | AR1: Reynolds | AS1: Chordwise Pitch Position | AW1: Airfoil Name | AX1: Span Position | AY1: Thickness | AZ1: Reynolds | BA1: Chordwise Pitch Position
A2: [-] | B2: [%] | C2: [%] | D2: [-] | E2: [%] | I2: [-] | J2: [%] | K2: [%] | L2: [-] | M2: [%] | Q2: [-] | R2: [%] | S2: [%] | T2: [-] | U2: [%] | Y2: [-] | Z2: [%] | AA2: [%] | AB2: [-] | AC2: [%] | AG2: [-] | AH2: [%] | AI2: [%] | AJ2: [-] | AK2: [%] | AO2: [-] | AP2: [%] | AQ2: [%] | AR2: [-] | AS2: [%] | AW2: [-] | AX2: [%] | AY2: [%] | AZ2: [-] | BA2: [%]
A3: circle | B3: 0 | C3: 100 | D3: 6000000 | E3: 25 | I3: circle | J3: 1.74 | K3: 100 | L3: 6000000 | M3: 25 | Q3: FFA-W3-480 | R3: 20.804587 | S3: 48 | T3: 10000000 | U3: 25 | Y3: FFA-W3-360 | Z3: 29.235895 | AA3: 36 | AB3: 10000000 | AC3: 25 | AG3: FFA-W3-301 | AH3: 38.756972 | AI3: 30.1 | AJ3: 10000000 | AK3: 25 | AO3: FFA-W3-241 | AP3: 71.866463 | AQ3: 24.1 | AR3: 12000000 | AS3: 25 | AW3: FFA-W3-241 | AX3: 100 | AY3: 24.1 | AZ3: 12000000 | BA3: 25
A4: Coordinate X | B4: Coordinate Y | C4: Angle of attack | D4: Cl | E4: Cd | F4: Cm | I4: Coordinate X | J4: Coordinate Y | K4: Angle of attack | L4: Cl | M4: Cd | N4: Cm | Q4: Coordinate X | R4: Coordinate Y | S4: Angle of attack | T4: Cl | U4: Cd | V4: Cm | Y4: Coordinate X | Z4: Coordinate Y | AA4: Angle of attack | AB4: Cl | AC4: Cd | AD4: Cm | AG4: Coordinate X | AH4: Coordinate Y | AI4: Angle of attack | AJ4: Cl | AK4: Cd | AL4: Cm | AO4: Coordinate X | AP4: Coordinate Y | AQ4: Angle of attack | AR4: Cl | AS4: Cd | AT4: Cm | AW4: Coordinate X | AX4: Coordinate Y | AY4: Angle of attack | AZ4: Cl | BA4: Cd | BB4: Cm
A5: [m] | B5: [m] | C5: [deg] | D5: [-] | E5: [-] | F5: [-] | I5: [m] | J5: [m] | K5: [deg] | L5: [-] | M5: [-] | N5: [-] | Q5: [m] | R5: [m] | S5: [deg] | T5: [-] | U5: [-] | V5: [-] | Y5: [m] | Z5: [m] | AA5: [deg] | AB5: [-] | AC5: [-] | AD5: [-] | AG5: [m] | AH5: [m] | AI5: [deg] | AJ5: [-] | AK5: [-] | AL5: [-] | AO5: [m] | AP5: [m] | AQ5: [deg] | AR5: [-] | AS5: [-] | AT5: [-] | AW5: [m] | AX5: [m] | AY5: [deg] | AZ5: [-] | BA5: [-] | BB5: [-]
A6: 1 | B6: 0 | C6: -180 | D6: 0 | E6: 0.6 | F6: 0 | I6: 1 | J6: 0 | K6: -180 | L6: 0 | M6: 0.6 | N6: 0 | Q6: 1 | R6: 0.0200427 | S6: -180 | T6: 0 | U6: 0 | V6: 0 | Y6: 1 | Z6: 0.015032 | AA6: -180 | AB6: 0 | AC6: 0 | AD6: 0 | AG6: 1 | AH6: 0.00937 | AI6: -180 | AJ6: 0 | AK6: 0 | AL6: 0 | AO6: 1 | AP6: 0.00717 | AQ6: -180 | AR6: 0 | AS6: 0 | AT6: 0 | AW6: 1 | AX6: 0.00717 | AY6: -180 | AZ6: 0 | BA6: 0 | BB6: 0
A7: 0.9999 | B7: 0.0087 | C7: -175 | D7: 0 | E7: 0.6 | F7: 0 | I7: 0.9999 | J7: 0.0087 | K7: -175 | L7: 0 | M7: 0.6 | N7: 0 | Q7: 0.983388 | R7: 0.0266293 | S7: -175 | T7: 0.1736 | U7: 0.0099 | V7: 0.0218 | Y7: 0.983388 | Z7: 0.019972 | AA7: -175 | AB7: 0.1736 | AC7: 0.0099 | AD7: 0.0218 | AG7: 0.98338 | AH7: 0.01333 | AI7: -175 | AJ7: 0.1736 | AK7: 0.0099 | AL7: 0.0218 | AO7: 0.978169 | AP7: 0.011572 | AQ7: -175 | AR7: 0.1736 | AS7: 0.01142 | AT7: 0.0218 | AW7: 0.978169 | AX7: 0.011572 | AY7: -175 | AZ7: 0.1736 | BA7: 0.01142 | BB7: 0.0218
A8: 0.9997 | B8: 0.0174 | C8: -170 | D8: 0 | E8: 0.6 | F8: 0 | I8: 0.9997 | J8: 0.0174 | K8: -170 | L8: 0 | M8: 0.6 | N8: 0 | Q8: 0.964566 | R8: 0.0339107 | S8: -170 | T8: 0.342 | U8: 0.0392 | V8: 0.0434 | Y8: 0.964566 | Z8: 0.025433 | AA8: -170 | AB8: 0.342 | AC8: 0.0392 | AD8: 0.0434 | AG8: 0.96457 | AH8: 0.01775 | AI8: -170 | AJ8: 0.342 | AK8: 0.0392 | AL8: 0.0434 | AO8: 0.954424 | AP8: 0.016362 | AQ8: -170 | AR8: 0.342 | AS8: 0.04523 | AT8: 0.0434 | AW8: 0.954424 | AX8: 0.016362 | AY8: -170 | AZ8: 0.342 | BA8: 0.04523 | BB8: 0.0434
A9: 0.9993 | B9: 0.0262 | C9: -165 | D9: 0 | E9: 0.6 | F9: 0 | I9: 0.9993 | J9: 0.0262 | K9: -165 | L9: 0 | M9: 0.6 | N9: 0 | Q9: 0.943643 | R9: 0.041832 | S9: -165 | T9: 0.5 | U9: 0.0871 | V9: 0.0647 | Y9: 0.943643 | Z9: 0.031374 | AA9: -165 | AB9: 0.5 | AC9: 0.0871 | AD9: 0.0647 | AG9: 0.943639 | AH9: 0.02266 | AI9: -165 | AJ9: 0.5 | AK9: 0.0871 | AL9: 0.0647 | AO9: 0.930228 | AP9: 0.021309 | AQ9: -165 | AR9: 0.5 | AS9: 0.1005 | AT9: 0.0647 | AW9: 0.930228 | AX9: 0.021309 | AY9: -165 | AZ9: 0.5 | BA9: 0.1005 | BB9: 0.0647
A10: 0.9988 | B10: 0.0349 | C10: -160 | D10: 0 | E10: 0.6 | F10: 0 | I10: 0.9988 | J10: 0.0349 | K10: -160 | L10: 0 | M10: 0.6 | N10: 0 | Q10: 0.92071 | R10: 0.0504467 | S10: -160 | T10: 0.6428 | U10: 0.1521 | V10: 0.0855 | Y10: 0.92071 | Z10: 0.037835 | AA10: -160 | AB10: 0.6428 | AC10: 0.1521 | AD10: 0.0855 | AG10: 0.920709 | AH10: 0.02812 | AI10: -160 | AJ10: 0.6428 | AK10: 0.1521 | AL10: 0.0855 | AO10: 0.905997 | AP10: 0.026345 | AQ10: -160 | AR10: 0.6428 | AS10: 0.1755 | AT10: 0.0855 | AW10: 0.905997 | AX10: 0.026345 | AY10: -160 | AZ10: 0.6428 | BA10: 0.1755 | BB10: 0.0855
A11: 0.9981 | B11: 0.0436 | C11: -155 | D11: 0 | E11: 0.6 | F11: 0 | I11: 0.9981 | J11: 0.0436 | K11: -155 | L11: 0 | M11: 0.6 | N11: 0 | Q11: 0.895877 | R11: 0.05986 | S11: -155 | T11: 0.766 | U11: 0.2322 | V11: 0.1057 | Y11: 0.895877 | Z11: 0.044895 | AA11: -155 | AB11: 0.766 | AC11: 0.2322 | AD11: 0.1057 | AG11: 0.895879 | AH11: 0.03417 | AI11: -155 | AJ11: 0.766 | AK11: 0.2322 | AL11: 0.1057 | AO11: 0.881745 | AP11: 0.031453 | AQ11: -155 | AR11: 0.766 | AS11: 0.26792 | AT11: 0.1057 | AW11: 0.881745 | AX11: 0.031453 | AY11: -155 | AZ11: 0.766 | BA11: 0.26792 | BB11: 0.1057
A12: 0.9973 | B12: 0.0523 | C12: -150 | D12: 0 | E12: 0.6 | F12: 0 | I12: 0.9973 | J12: 0.0523 | K12: -150 | L12: 0 | M12: 0.6 | N12: 0 | Q12: 0.869274 | R12: 0.0700213 | S12: -150 | T12: 0.866 | U12: 0.325 | V12: 0.125 | Y12: 0.869274 | Z12: 0.052516 | AA12: -150 | AB12: 0.866 | AC12: 0.325 | AD12: 0.125 | AG12: 0.869269 | AH12: 0.04074 | AI12: -150 | AJ12: 0.866 | AK12: 0.325 | AL12: 0.125 | AO12: 0.857493 | AP12: 0.036624 | AQ12: -150 | AR12: 0.866 | AS12: 0.375 | AT12: 0.125 | AW12: 0.857493 | AX12: 0.036624 | AY12: -150 | AZ12: 0.866 | BA12: 0.375 | BB12: 0.125
A13: 0.9963 | B13: 0.0609 | C13: -145 | D13: 0 | E13: 0.6 | F13: 0 | I13: 0.9963 | J13: 0.0609 | K13: -145 | L13: 0 | M13: 0.6 | N13: 0 | Q13: 0.841011 | R13: 0.0808493 | S13: -145 | T13: 0.9397 | U13: 0.4277 | V13: 0.1434 | Y13: 0.841011 | Z13: 0.060637 | AA13: -145 | AB13: 0.9397 | AC13: 0.4277 | AD13: 0.1434 | AG13: 0.841008 | AH13: 0.0478 | AI13: -145 | AJ13: 0.9397 | AK13: 0.4277 | AL13: 0.1434 | AO13: 0.833242 | AP13: 0.041848 | AQ13: -145 | AR13: 0.9397 | AS13: 0.4935 | AT13: 0.1434 | AW13: 0.833242 | AX13: 0.041848 | AY13: -145 | AZ13: 0.9397 | BA13: 0.4935 | BB13: 0.1434
A14: 0.9951 | B14: 0.0696 | C14: -140 | D14: 0 | E14: 0.6 | F14: 0 | I14: 0.9951 | J14: 0.0696 | K14: -140 | L14: 0 | M14: 0.6 | N14: 0 | Q14: 0.811237 | R14: 0.0922773 | S14: -140 | T14: 0.9848 | U14: 0.5371 | V14: 0.1607 | Y14: 0.811237 | Z14: 0.069208 | AA14: -140 | AB14: 0.9848 | AC14: 0.5371 | AD14: 0.1607 | AG14: 0.811238 | AH14: 0.055281 | AI14: -140 | AJ14: 0.9848 | AK14: 0.5371 | AL14: 0.1607 | AO14: 0.808999 | AP14: 0.047121 | AQ14: -140 | AR14: 0.9848 | AS14: 0.61973 | AT14: 0.1607 | AW14: 0.808999 | AX14: 0.047121 | AY14: -140 | AZ14: 0.9848 | BA14: 0.61973 | BB14: 0.1607
A15: 0.9938 | B15: 0.0782 | C15: -135 | D15: 0 | E15: 0.6 | F15: 0 | I15: 0.9938 | J15: 0.0782 | K15: -135 | L15: 0 | M15: 0.6 | N15: 0 | Q15: 0.780084 | R15: 0.104212 | S15: -135 | T15: 1 | U15: 0.65 | V15: 0.1768 | Y15: 0.780084 | Z15: 0.078159 | AA15: -135 | AB15: 1 | AC15: 0.65 | AD15: 0.1768 | AG15: 0.780088 | AH15: 0.063091 | AI15: -135 | AJ15: 1 | AK15: 0.65 | AL15: 0.1768 | AO15: 0.784743 | AP15: 0.052434 | AQ15: -135 | AR15: 1 | AS15: 0.75 | AT15: 0.1768 | AW15: 0.784743 | AX15: 0.052434 | AY15: -135 | AZ15: 1 | BA15: 0.75 | BB15: 0.1768
A16: 0.9924 | B16: 0.0868 | C16: -130 | D16: 0 | E16: 0.6 | F16: 0 | I16: 0.9924 | J16: 0.0868 | K16: -130 | L16: 0 | M16: 0.6 | N16: 0 | Q16: 0.74771 | R16: 0.116547 | S16: -130 | T16: 0.9848 | U16: 0.7629 | V16: 0.1915 | Y16: 0.74771 | Z16: 0.08741 | AA16: -130 | AB16: 0.9848 | AC16: 0.7629 | AD16: 0.1915 | AG16: 0.747717 | AH16: 0.071161 | AI16: -130 | AJ16: 0.9848 | AK16: 0.7629 | AL16: 0.1915 | AO16: 0.760466 | AP16: 0.057767 | AQ16: -130 | AR16: 0.9848 | AS16: 0.88027 | AT16: 0.1915 | AW16: 0.760466 | AX16: 0.057767 | AY16: -130 | AZ16: 0.9848 | BA16: 0.88027 | BB16: 0.1915
A17: 0.9908 | B17: 0.0954 | C17: -125 | D17: 0 | E17: 0.6 | F17: 0 | I17: 0.9908 | J17: 0.0954 | K17: -125 | L17: 0 | M17: 0.6 | N17: 0 | Q17: 0.714276 | R17: 0.129176 | S17: -125 | T17: 0.9397 | U17: 0.8723 | V17: 0.2048 | Y17: 0.714276 | Z17: 0.096882 | AA17: -125 | AB17: 0.9397 | AC17: 0.8723 | AD17: 0.2048 | AG17: 0.714277 | AH17: 0.079391 | AI17: -125 | AJ17: 0.9397 | AK17: 0.8723 | AL17: 0.2048 | AO17: 0.736173 | AP17: 0.063102 | AQ17: -125 | AR17: 0.9397 | AS17: 1.0065 | AT17: 0.2048 | AW17: 0.736173 | AX17: 0.063102 | AY17: -125 | AZ17: 0.9397 | BA17: 1.0065 | BB17: 0.2048
... A84: 0.604 | B84: 0.4891 | C84: 3 | D84: 0 | E84: 0.6 | F84: 0 | I84: 0.604 | J84: 0.4891 | K84: 3 | L84: 0 | M84: 0.6 | N84: 0 | Q84: 1 | R84: -0.018576 | S84: 3 | T84: 0.72105 | U84: 0.03295 | V84: -0.0694 | Y84: 1 | Z84: -0.013932 | AA84: 3 | AB84: 0.9725 | AC84: 0.0192 | AD84: -0.14195 | AG84: 1 | AH84: -0.00891 | AI84: 3 | AJ84: 0.69345 | AK84: 0.0122 | AL84: -0.0989 | AO84: 0.558881 | AP84: -0.073505 | AQ84: 3 | AR84: 0.6651 | AS84: 0.01005 | AT84: -0.08965 | AW84: 0.558881 | AX84: -0.073505 | AY84: 3 | AZ84: 0.6651 | BA84: 0.01005 | BB84: -0.08965
A85: 0.5954 | B85: 0.4908 | C85: 3.5 | D85: 0 | E85: 0.6 | F85: 0 | I85: 0.5954 | J85: 0.4908 | K85: 3.5 | L85: 0 | M85: 0.6 | N85: 0 | S85: 3.5 | T85: 0.798975 | U85: 0.033625 | V85: -0.0794 | AA85: 3.5 | AB85: 1.0467 | AC85: 0.0194 | AD85: -0.146475 | AI85: 3.5 | AJ85: 0.756675 | AK85: 0.01235 | AL85: -0.10065 | AO85: 0.582236 | AP85: -0.066021 | AQ85: 3.5 | AR85: 0.7259 | AS85: 0.010175 | AT85: -0.090825 | AW85: 0.582236 | AX85: -0.066021 | AY85: 3.5 | AZ85: 0.7259 | BA85: 0.010175 | BB85: -0.090825
A86: 0.5868 | B86: 0.4924 | C86: 4 | D86: 0 | E86: 0.6 | F86: 0 | I86: 0.5868 | J86: 0.4924 | K86: 4 | L86: 0 | M86: 0.6 | N86: 0 | S86: 4 | T86: 0.8769 | U86: 0.0343 | V86: -0.0894 | AA86: 4 | AB86: 1.1209 | AC86: 0.0196 | AD86: -0.151 | AI86: 4 | AJ86: 0.8199 | AK86: 0.0125 | AL86: -0.1024 | AO86: 0.605662 | AP86: -0.058295 | AQ86: 4 | AR86: 0.7867 | AS86: 0.0103 | AT86: -0.092 | AW86: 0.605662 | AX86: -0.058295 | AY86: 4 | AZ86: 0.7867 | BA86: 0.0103 | BB86: -0.092
A87: 0.5782 | B87: 0.4938 | C87: 4.5 | D87: 0 | E87: 0.6 | F87: 0 | I87: 0.5782 | J87: 0.4938 | K87: 4.5 | L87: 0 | M87: 0.6 | N87: 0 | S87: 4.5 | T87: 0.9183 | U87: 0.037 | V87: -0.09497 | AA87: 4.5 | AB87: 1.1881 | AC87: 0.020025 | AD87: -0.153995 | AI87: 4.5 | AJ87: 0.880275 | AK87: 0.012775 | AL87: -0.103575 | AO87: 0.629144 | AP87: -0.050467 | AQ87: 4.5 | AR87: 0.845725 | AS87: 0.010525 | AT87: -0.0929 | AW87: 0.629144 | AX87: -0.050467 | AY87: 4.5 | AZ87: 0.845725 | BA87: 0.010525 | BB87: -0.0929
A88: 0.5696 | B88: 0.4951 | C88: 5 | D88: 0 | E88: 0.6 | F88: 0 | I88: 0.5696 | J88: 0.4951 | K88: 5 | L88: 0 | M88: 0.6 | N88: 0 | S88: 5 | T88: 0.9597 | U88: 0.0397 | V88: -0.10054 | AA88: 5 | AB88: 1.2553 | AC88: 0.02045 | AD88: -0.15699 | AI88: 5 | AJ88: 0.94065 | AK88: 0.01305 | AL88: -0.10475 | AO88: 0.652569 | AP88: -0.04272 | AQ88: 5 | AR88: 0.90475 | AS88: 0.01075 | AT88: -0.0938 | AW88: 0.652569 | AX88: -0.04272 | AY88: 5 | AZ88: 0.90475 | BA88: 0.01075 | BB88: -0.0938
A89: 0.5609 | B89: 0.4963 | C89: 5.5 | D89: 0 | E89: 0.6 | F89: 0 | I89: 0.5609 | J89: 0.4963 | K89: 5.5 | L89: 0 | M89: 0.6 | N89: 0 | S89: 5.5 | T89: 1.0011 | U89: 0.0424 | V89: -0.10611 | AA89: 5.5 | AB89: 1.3225 | AC89: 0.020875 | AD89: -0.159985 | AI89: 5.5 | AJ89: 1.001025 | AK89: 0.013325 | AL89: -0.105925 | AO89: 0.67591 | AP89: -0.035205 | AQ89: 5.5 | AR89: 0.963775 | AS89: 0.010975 | AT89: -0.0947 | AW89: 0.67591 | AX89: -0.035205 | AY89: 5.5 | AZ89: 0.963775 | BA89: 0.010975 | BB89: -0.0947
A90: 0.5523 | B90: 0.4973 | C90: 6 | D90: 0 | E90: 0.6 | F90: 0 | I90: 0.5523 | J90: 0.4973 | K90: 6 | L90: 0 | M90: 0.6 | N90: 0 | S90: 6 | T90: 1.0425 | U90: 0.0451 | V90: -0.11168 | AA90: 6 | AB90: 1.3897 | AC90: 0.0213 | AD90: -0.16298 | AI90: 6 | AJ90: 1.0614 | AK90: 0.0136 | AL90: -0.1071 | AO90: 0.699179 | AP90: -0.02806 | AQ90: 6 | AR90: 1.0228 | AS90: 0.0112 | AT90: -0.0956 | AW90: 0.699179 | AX90: -0.02806 | AY90: 6 | AZ90: 1.0228 | BA90: 0.0112 | BB90: -0.0956
A91: 0.5436 | B91: 0.4981 | C91: 6.5 | D91: 0 | E91: 0.6 | F91: 0 | I91: 0.5436 | J91: 0.4981 | K91: 6.5 | L91: 0 | M91: 0.6 | N91: 0 | S91: 6.5 | T91: 1.01905 | U91: 0.051325 | V91: -0.11397 | AA91: 6.5 | AB91: 1.448625 | AC91: 0.021975 | AD91: -0.164505 | AI91: 6.5 | AJ91: 1.1179 | AK91: 0.014 | AL91: -0.107675 | AO91: 0.722432 | AP91: -0.021408 | AQ91: 6.5 | AR91: 1.07895 | AS91: 0.01155 | AT91: -0.096075 | AW91: 0.722432 | AX91: -0.021408 | AY91: 6.5 | AZ91: 1.07895 | BA91: 0.01155 | BB91: -0.096075
A92: 0.5349 | B92: 0.4988 | C92: 7 | D92: 0 | E92: 0.6 | F92: 0 | I92: 0.5349 | J92: 0.4988 | K92: 7 | L92: 0 | M92: 0.6 | N92: 0 | S92: 7 | T92: 0.9956 | U92: 0.05755 | V92: -0.11626 | AA92: 7 | AB92: 1.50755 | AC92: 0.02265 | AD92: -0.16603 | AI92: 7 | AJ92: 1.1744 | AK92: 0.0144 | AL92: -0.10825 | AO92: 0.745723 | AP92: -0.015321 | AQ92: 7 | AR92: 1.1351 | AS92: 0.0119 | AT92: -0.09655 | AW92: 0.745723 | AX92: -0.015321 | AY92: 7 | AZ92: 1.1351 | BA92: 0.0119 | BB92: -0.09655
A93: 0.5262 | B93: 0.4993 | C93: 7.5 | D93: 0 | E93: 0.6 | F93: 0 | I93: 0.5262 | J93: 0.4993 | K93: 7.5 | L93: 0 | M93: 0.6 | N93: 0 | S93: 7.5 | T93: 0.97215 | U93: 0.063775 | V93: -0.11855 | AA93: 7.5 | AB93: 1.566475 | AC93: 0.023325 | AD93: -0.167555 | AI93: 7.5 | AJ93: 1.2309 | AK93: 0.0148 | AL93: -0.108825 | AO93: 0.769017 | AP93: -0.009891 | AQ93: 7.5 | AR93: 1.19125 | AS93: 0.01225 | AT93: -0.097025 | AW93: 0.769017 | AX93: -0.009891 | AY93: 7.5 | AZ93: 1.19125 | BA93: 0.01225 | BB93: -0.097025
A94: 0.5174 | B94: 0.4997 | C94: 8 | D94: 0 | E94: 0.6 | F94: 0 | I94: 0.5174 | J94: 0.4997 | K94: 8 | L94: 0 | M94: 0.6 | N94: 0 | S94: 8 | T94: 0.9487 | U94: 0.07 | V94: -0.12084 | AA94: 8 | AB94: 1.6254 | AC94: 0.024 | AD94: -0.16908 | AI94: 8 | AJ94: 1.2874 | AK94: 0.0152 | AL94: -0.1094 | AO94: 0.792279 | AP94: -0.005241 | AQ94: 8 | AR94: 1.2474 | AS94: 0.0126 | AT94: -0.0975 | AW94: 0.792279 | AX94: -0.005241 | AY94: 8 | AZ94: 1.2474 | BA94: 0.0126 | BB94: -0.0975
A95: 0.5087 | B95: 0.4999 | C95: 8.5 | D95: 0 | E95: 0.6 | F95: 0 | I95: 0.5087 | J95: 0.4999 | K95: 8.5 | L95: 0 | M95: 0.6 | N95: 0 | S95: 8.5 | T95: 0.938725 | U95: 0.07465 | V95: -0.12503 | AA95: 8.5 | AB95: 1.671775 | AC95: 0.024975 | AD95: -0.16889 | AI95: 8.5 | AJ95: 1.33655 | AK95: 0.0159 | AL95: -0.10904 | AO95: 0.815582 | AP95: -0.001458 | AQ95: 8.5 | AR95: 1.299925 | AS95: 0.0131 | AT95: -0.09753 | AW95: 0.815582 | AX95: -0.001458 | AY95: 8.5 | AZ95: 1.299925 | BA95: 0.0131 | BB95: -0.09753
A96: 0.5 | B96: 0.5 | C96: 9 | D96: 0 | E96: 0.6 | F96: 0 | I96: 0.5 | J96: 0.5 | K96: 9 | L96: 0 | M96: 0.6 | N96: 0 | S96: 9 | T96: 0.92875 | U96: 0.0793 | V96: -0.12922 | AA96: 9 | AB96: 1.71815 | AC96: 0.02595 | AD96: -0.1687 | AI96: 9 | AJ96: 1.3857 | AK96: 0.0166 | AL96: -0.10868 | AO96: 0.83903 | AP96: 0.001479 | AQ96: 9 | AR96: 1.35245 | AS96: 0.0136 | AT96: -0.09756 | AW96: 0.83903 | AX96: 0.001479 | AY96: 9 | AZ96: 1.35245 | BA96: 0.0136 | BB96: -0.09756
... A103: 0.4391 | B103: 0.4963 | C103: 12.5 | D103: 0 | E103: 0.6 | F103: 0 | I103: 0.4391 | J103: 0.4963 | K103: 12.5 | L103: 0 | M103: 0.6 | N103: 0 | S103: 12.5 | T103: 1.010325 | U103: 0.101225 | V103: -0.16515 | AA103: 12.5 | AB103: 1.84815 | AC103: 0.046375 | AD103: -0.1578 | AI103: 12.5 | AJ103: 1.662275 | AK103: 0.024375 | AL103: -0.10073 | AO103: 1 | AP103: -0.001548 | AQ103: 12.5 | AR103: 1.67725 | AS103: 0.0188 | AT103: -0.09348 | AW103: 1 | AX103: -0.001548 | AY103: 12.5 | AZ103: 1.67725 | BA103: 0.0188 | BB103: -0.09348
A104: 0.4304 | B104: 0.4951 | C104: 13 | D104: 0 | E104: 0.6 | F104: 0 | I104: 0.4304 | J104: 0.4951 | K104: 13 | L104: 0 | M104: 0.6 | N104: 0 | S104: 13 | T104: 1.04455 | U104: 0.10315 | V104: -0.17088 | AA104: 13 | AB104: 1.8374 | AC104: 0.05625 | AD104: -0.15712 | AI104: 13 | AJ104: 1.68575 | AK104: 0.02635 | AL104: -0.0989 | AQ104: 13 | AR104: 1.7123 | AS104: 0.0201 | AT104: -0.09208 | AY104: 13 | AZ104: 1.7123 | BA104: 0.0201 | BB104: -0.09208
A105: 0.4218 | B105: 0.4938 | C105: 13.5 | D105: 0 | E105: 0.6 | F105: 0 | I105: 0.4218 | J105: 0.4938 | K105: 13.5 | L105: 0 | M105: 0.6 | N105: 0 | S105: 13.5 | T105: 1.078775 | U105: 0.105075 | V105: -0.17661 | AA105: 13.5 | AB105: 1.82665 | AC105: 0.066125 | AD105: -0.15644 | AI105: 13.5 | AJ105: 1.709225 | AK105: 0.028325 | AL105: -0.09707 | AQ105: 13.5 | AR105: 1.74735 | AS105: 0.0214 | AT105: -0.09068 | AY105: 13.5 | AZ105: 1.74735 | BA105: 0.0214 | BB105: -0.09068
A106: 0.4132 | B106: 0.4924 | C106: 14 | D106: 0 | E106: 0.6 | F106: 0 | I106: 0.4132 | J106: 0.4924 | K106: 14 | L106: 0 | M106: 0.6 | N106: 0 | S106: 14 | T106: 1.113 | U106: 0.107 | V106: -0.18234 | AA106: 14 | AB106: 1.8159 | AC106: 0.076 | AD106: -0.15576 | AI106: 14 | AJ106: 1.7327 | AK106: 0.0303 | AL106: -0.09524 | AQ106: 14 | AR106: 1.7824 | AS106: 0.0227 | AT106: -0.08928 | AY106: 14 | AZ106: 1.7824 | BA106: 0.0227 | BB106: -0.08928
A107: 0.4046 | B107: 0.4908 | C107: 15 | D107: 0 | E107: 0.6 | F107: 0 | I107: 0.4046 | J107: 0.4908 | K107: 15 | L107: 0 | M107: 0.6 | N107: 0 | S107: 15 | T107: 1.20975 | U107: 0.11165 | V107: -0.19449 | AA107: 15 | AB107: 1.79725 | AC107: 0.09625 | AD107: -0.16136 | AI107: 15 | AJ107: 1.72345 | AK107: 0.0421 | AL107: -0.09314 | AQ107: 15 | AR107: 1.79955 | AS107: 0.0292 | AT107: -0.08559 | AY107: 15 | AZ107: 1.79955 | BA107: 0.0292 | BB107: -0.08559
A108: 0.396 | B108: 0.4891 | C108: 16 | D108: 0 | E108: 0.6 | F108: 0 | I108: 0.396 | J108: 0.4891 | K108: 16 | L108: 0 | M108: 0.6 | N108: 0 | S108: 16 | T108: 1.3065 | U108: 0.1163 | V108: -0.20664 | AA108: 16 | AB108: 1.7786 | AC108: 0.1165 | AD108: -0.16696 | AI108: 16 | AJ108: 1.7142 | AK108: 0.0539 | AL108: -0.09104 | AQ108: 16 | AR108: 1.8167 | AS108: 0.0357 | AT108: -0.0819 | AY108: 16 | AZ108: 1.8167 | BA108: 0.0357 | BB108: -0.0819
A109: 0.3875 | B109: 0.4872 | C109: 17 | D109: 0 | E109: 0.6 | F109: 0 | I109: 0.3875 | J109: 0.4872 | K109: 17 | L109: 0 | M109: 0.6 | N109: 0 | S109: 17 | T109: 1.42395 | U109: 0.124 | V109: -0.21907 | AA109: 17 | AB109: 1.7673 | AC109: 0.1368 | AD109: -0.17395 | AI109: 17 | AJ109: 1.6985 | AK109: 0.07465 | AL109: -0.09449 | AQ109: 17 | AR109: 1.7965 | AS109: 0.0503 | AT109: -0.0806 | AY109: 17 | AZ109: 1.7965 | BA109: 0.0503 | BB109: -0.0806
A110: 0.379 | B110: 0.4851 | C110: 18 | D110: 0 | E110: 0.6 | F110: 0 | I110: 0.379 | J110: 0.4851 | K110: 18 | L110: 0 | M110: 0.6 | N110: 0 | S110: 18 | T110: 1.5414 | U110: 0.1317 | V110: -0.2315 | AA110: 18 | AB110: 1.756 | AC110: 0.1571 | AD110: -0.18094 | AI110: 18 | AJ110: 1.6828 | AK110: 0.0954 | AL110: -0.09794 | AQ110: 18 | AR110: 1.7763 | AS110: 0.0649 | AT110: -0.0793 | AY110: 18 | AZ110: 1.7763 | BA110: 0.0649 | BB110: -0.0793
A111: 0.3706 | B111: 0.483 | C111: 19 | D111: 0 | E111: 0.6 | F111: 0 | I111: 0.3706 | J111: 0.483 | K111: 19 | L111: 0 | M111: 0.6 | N111: 0 | S111: 19 | T111: 1.67315 | U111: 0.14435 | V111: -0.24406 | AA111: 19 | AB111: 1.7595 | AC111: 0.1817 | AD111: -0.18846 | AI111: 19 | AJ111: 1.66975 | AK111: 0.11945 | AL111: -0.10412 | AQ111: 19 | AR111: 1.71855 | AS111: 0.0832 | AT111: -0.08217 | AY111: 19 | AZ111: 1.71855 | BA111: 0.0832 | BB111: -0.08217
A112: 0.3622 | B112: 0.4806 | C112: 20 | D112: 0 | E112: 0.6 | F112: 0 | I112: 0.3622 | J112: 0.4806 | K112: 20 | L112: 0 | M112: 0.6 | N112: 0 | S112: 20 | T112: 1.8049 | U112: 0.157 | V112: -0.25662 | AA112: 20 | AB112: 1.763 | AC112: 0.2063 | AD112: -0.19598 | AI112: 20 | AJ112: 1.6567 | AK112: 0.1435 | AL112: -0.1103 | AQ112: 20 | AR112: 1.6608 | AS112: 0.1015 | AT112: -0.08504 | AY112: 20 | AZ112: 1.6608 | BA112: 0.1015 | BB112: -0.08504
A113: 0.3538 | B113: 0.4782 | C113: 22 | D113: 0 | E113: 0.6 | F113: 0 | I113: 0.3538 | J113: 0.4782 | K113: 22 | L113: 0 | M113: 0.6 | N113: 0 | S113: 22 | T113: 2.002 | U113: 0.2757 | V113: -0.28058 | AA113: 22 | AB113: 1.8002 | AC113: 0.3057 | AD113: -0.21428 | AI113: 22 | AJ113: 1.6444 | AK113: 0.228 | AL113: -0.12996 | AQ113: 22 | AR113: 1.5659 | AS113: 0.1411 | AT113: -0.0961 | AY113: 22 | AZ113: 1.5659 | BA113: 0.1411 | BB113: -0.0961
A114: 0.3455 | B114: 0.4755 | C114: 24 | D114: 0 | E114: 0.6 | F114: 0 | I114: 0.3455 | J114: 0.4755 | K114: 24 | L114: 0 | M114: 0.6 | N114: 0 | S114: 24 | T114: 2.1216 | U114: 0.4224 | V114: -0.30574 | AA114: 24 | AB114: 1.8495 | AC114: 0.4153 | AD114: -0.23648 | AI114: 24 | AJ114: 1.6329 | AK114: 0.3148 | AL114: -0.15332 | AQ114: 24 | AR114: 1.4786 | AS114: 0.1809 | AT114: -0.10746 | AY114: 24 | AZ114: 1.4786 | BA114: 0.1809 | BB114: -0.10746
A115: 0.3372 | B115: 0.4728 | C115: 26 | D115: 0 | E115: 0.6 | F115: 0 | I115: 0.3372 | J115: 0.4728 | K115: 26 | L115: 0 | M115: 0.6 | N115: 0 | S115: 26 | T115: 2.1916 | U115: 0.561 | V115: -0.3294 | AA115: 26 | AB115: 1.8775 | AC115: 0.5163 | AD115: -0.25882 | AI115: 26 | AJ115: 1.6333 | AK115: 0.3926 | AL115: -0.176 | AQ115: 26 | AR115: 1.4098 | AS115: 0.2355 | AT115: -0.12168 | AY115: 26 | AZ115: 1.4098 | BA115: 0.2355 | BB115: -0.12168
... A150: 0.0955 | B150: 0.2939 | C150: 180 | D150: 0 | E150: 0.6 | F150: 0 | I150: 0.0955 | J150: 0.2939 | K150: 180 | L150: 0 | M150: 0.6 | N150: 0 | S150: 180 | T150: 0 | U150: 0 | V150: 0 | AA150: 180 | AB150: 0 | AC150: 0 | AD150: 0 | AI150: 180 | AJ150: 0 | AK150: 0 | AL150: 0 | AQ150: 180 | AR150: 0 | AS150: 0 | AT150: 0 | AY150: 180 | AZ150: 0 | BA150: 0 | BB150: 0
A151: 0.0904 | B151: 0.2868 | I151: 0.0904 | J151: 0.2868
A152: 0.0855 | B152: 0.2796 | I152: 0.0855 | J152: 0.2796
A153: 0.0807 | B153: 0.2723 | I153: 0.0807 | J153: 0.2723
A154: 0.076 | B154: 0.265 | I154: 0.076 | J154: 0.265
A155: 0.0714 | B155: 0.2575 | I155: 0.0714 | J155: 0.2575
A156: 0.067 | B156: 0.25 | I156: 0.067 | J156: 0.25
A157: 0.0627 | B157: 0.2424 | I157: 0.0627 | J157: 0.2424
A158: 0.0585 | B158: 0.2347 | I158: 0.0585 | J158: 0.2347
A159: 0.0545 | B159: 0.227 | I159: 0.0545 | J159: 0.227
A160: 0.0506 | B160: 0.2192 | I160: 0.0506 | J160: 0.2192
A161: 0.0468 | B161: 0.2113 | I161: 0.0468 | J161: 0.2113
A162: 0.0432 | B162: 0.2034 | I162: 0.0432 | J162: 0.2034
... A366: 1 | B366: 0 | I366: 1 | J366: 0

Sheet BladeTopology
A1: LE | B1: TE | C1: Chord Lenght | D1: Eta | E1: Blade Lenght (Position) | F1: Sectional Topology | G1: Position of Front Web | H1: Position of Rear Web | I1: Position Spar Cap towards Leading Edge on Suction Side | J1: Position Spar Cap towards Trailing Edge on Suction Side | K1: Width of the Spar Cap on Suction Side | L1: Position Spar Cap towards Leading Edge on Pressure Side | M1: Position Spar Cap towards Trailing Edge on Pressure Side | N1: Width of the Spar Cap on Pressure Side | O1: Extension of the Reinforcement Strip at Leading Edge | P1: Extension of the Reinforcement Strip at Trailing Edge | Q1: Position of the Third Web | R1: Angle of the Webs in the Root Reference Frame | S1: Position of Trailing Edge Add On | T1: Position of Extra Web inside the Trailing Edge Addon | U1: Position of Reinforcement inside the Cylinder | W1: Position of Front Web | X1: Position of Rear Web | Y1: Position Spar Cap towards Leading Edge on Suction Side - Start Spar Cap SS | Z1: Position Spar Cap towards Trailing Edge on Suction Side - End Spar Cap SS | AA1: Position Spar Cap towards Leading Edge on Pressure Side - Start Spar Cap PS | AB1: Position Spar Cap towards Trailing Edge on Pressure Side - End Spar Cap PS | AC1: Extension of the Reinforcement Strip at Leading Edge - Note: Use on SS and PS | AD1: Extension of the Reinforcement Strip at Trailing Edge - Note: Use on SS and PS | AE1: Position of the Third Web | AG1: OUTPUT: | AH1: Section | AI1: Blade Lenght (Position) | AJ1: Position of Front Web | AK1: Position of Rear Web | AL1: Position Spar Cap towards Leading Edge on Suction Side - Start Spar Cap SS | AM1: Position Spar Cap towards Trailing Edge on Suction Side - End Spar Cap SS | AN1: Position Spar Cap towards Leading Edge on Pressure Side - Start Spar Cap PS | AO1: Position Spar Cap towards Trailing Edge on Pressure Side - End Spar Cap PS | AP1: Extension of the Reinforcement Strip at Leading Edge - Note: Use on SS and PS | AQ1: Extension of the Reinforcement Strip at Trailing Edge - Note: Use on SS and PS | AR1: Position of the Third Web | AU1: Blade Position | AV1: For Ansys | AW1: For Ansys | AX1: Blade Reference Line | AY1: Offset | AZ1: Position of shear web front | BA1: Position of shear web rear | BB1: For Ansys | BC1: For Ansys | BE1: For Ansys | BF1: Thickness | BH1: For Ansys | BI1: Twist | BL1: Korrekturfaktor | BM1: For Ansys | BN1: For Ansys
A2: [mm] | B2: [mm] | C2: [mm] | D2: [-] | E2: [m] | F2: [-] | G2: [mm] | H2: [mm] | I2: [mm] | J2: [mm] | K2: [mm] | L2: [mm] | M2: [mm] | N2: [mm] | O2: [mm] | P2: [mm] | Q2: [mm] | R2: [mm] | S2: [mm] | T2: [mm] | U2: [mm] | W2: [%] | X2: [%] | Y2: [%] | Z2: [%] | AA2: [%] | AB2: [%] | AC2: [%] | AD2: [%] | AE2: [%] | AH2: [-] | AI2: [m] | AJ2: [%] | AK2: [%] | AL2: [%] | AM2: [%] | AN2: [%] | AO2: [%] | AP2: [%] | AQ2: [%] | AR2: [%] | AU2: z-direction | AV2: z-direction min | AW2: z-direction max | AX2: y-Direction | AY2: x-direction | AZ2: x-direction | BA2: x-direction | BB2: x-direction min | BC2: x-direction max | BE2: y-direction max | BH2: y-direction min | BM2: x-direction min | BN2: x-direction max | BQ2: Number | BR2: Blade Position | BS2: Jet_X1 | BT2: Jet_X2 | BU2: Jet_Y1 | BV2: Jet_Y2 | BW2: Jet_Z1 | BX2: Jet_Z2 | BY2: F_x | BZ2: F_y | CA2: F_z | CB2: M_x | CC2: M_y | CD2: M_z
A3: -3252.5 | B3: 3252.5 | C3: =(A3*-1)+B3 -> 6505 | D3: 0 | E3: =D3*122.1399685 -> 0 | F3: 1 | G3: -3252.5 | H3: 3252.5 | I3: -3252.5 | J3: 3252.5 | K3: 6505 | L3: -3252.5 | M3: 3252.5 | N3: 6505 | O3: 0 | P3: 0 | Q3: 0 | R3: 0 | S3: 0 | T3: 0 | U3: 0 | W3: =(((A3-G3)*-1)/(C3/100)) -> 0 | X3: =(((A3*-1)+H3)/(C3/100)) -> 100 | Y3: =(((A3-I3)*-1)/(C3/100)) -> 0 | Z3: =(((A3*-1)+J3)/(C3/100)) -> 100 | AA3: =(((A3-L3)*-1)/(C3/100)) -> 0 | AB3: =(((A3*-1)+M3)/(C3/100)) -> 100 | AC3: =(O3/(C3/100)) -> 0 | AD3: =((C3-P3)/(C3/100)) -> 100 | AE3: =(((A3*-1)+Q3)/(C3/100)) -> 50 | AH3: 1 | AI3: 0 | AJ3: =_xll.SRS1Splines.Functions25.Linear_Interp($E$3:$E$67,$W$3:$W$67,AI3) -> 0 | AK3: =_xll.SRS1Splines.Functions25.Linear_Interp($E$3:$E$67,$X$3:$X$67,AI3) -> 100 | AL3: =_xll.SRS1Splines.Functions25.Linear_Interp($E$3:$E$67,$Y$3:$Y$67,AI3) -> 0 | AM3: =_xll.SRS1Splines.Functions25.Linear_Interp($E$3:$E$67,$Z$3:$Z$67,AI3) -> 100 | AN3: =_xll.SRS1Splines.Functions25.Linear_Interp($E$3:$E$67,$AA$3:$AA$67,AI3) -> 0 | AO3: =_xll.SRS1Splines.Functions25.Linear_Interp($E$3:$E$67,$AB$3:$AB$67,AI3) -> 100 | AP3: =_xll.SRS1Splines.Functions25.Linear_Interp($E$3:$E$67,$AC$3:$AC$67,AI3) -> 0 | AQ3: =_xll.SRS1Splines.Functions25.Linear_Interp($E$3:$E$67,$AD$3:$AD$67,AI3) -> 100 | AR3: =_xll.SRS1Splines.Functions25.Linear_Interp($E$3:$E$67,$AE$3:$AE$67,AI3) -> 50 | AU3: =E3 -> 0 | AX3: 0 | AY3: 0.50084487 | AZ3: =(W3/100)*(C3/1000) -> 0 | BA3: =(X3/100)*(C3/1000) -> 6.505 | BB3: =((AY3*(C3/1000))-AZ3)*-1 -> -3.2579959 | BC3: =BA3-(AY3*(C3/1000)) -> 3.2470041 | BD3: =AX3 -> 0 | BE3: 10 | BF3: 6.5049581 | BG3: =BF3/2 -> 3.2524791 | BH3: =(BG3*0.85)+BD3 -> 2.7646072 | BI3: 14.5 | BJ3: =TAN(RADIANS(BI3))*BG3 -> 0.84114828 | BK3: =SIN(RADIANS(BI3))*BG3 -> 0.81435572 | BL3: =0.02*BF3 -> 0.13009916 | BM3: =BB3-BJ3+BL3 -> -3.969045 | BN3: =BC3-BJ3-BL3 -> 2.2757567 | BO3: =BB3-BK3 -> -4.0723516 | BP3: =BC3-BK3 -> 2.4326484 | BQ3: 1 | BR3: 0 | BS3: =BM3 -> -3.969045 | BT3: =BN3 -> 2.2757567 | BU3: =BH3 -> 2.7646072 | BV3: 10 | BW3: =AV3 -> 0 | BX3: =AW3 -> 0 | BY3: 0 | BZ3: =BR3/10 -> 0 | CA3: 0 | CB3: 0 | CC3: 0 | CD3: 0 | CF3: 1 | CG3: =(AY3*(C3/1000))*-1 -> -3.2579959 | CH3: =CG3+(C3/1000) -> 3.2470041 | CI3: =CG3-BJ3 -> -4.0991441 | CJ3: =CH3-BJ3 -> 2.4058559 | CK3: =0.75*CG3 -> -2.4434969 | CL3: =0.75*CH3 -> 2.4352531 | CN3: =AU3-0.5 -> -0.5 | CO3: =AU3+0.5 -> 0.5
A4: -3252.5 | B4: 3252.5 | C4: =(A4*-1)+B4 -> 6505 | D4: 0.01 | E4: =D4*122.1399685 -> 1.2213997 | F4: 1 | G4: -3252.5 | H4: 3252.5 | I4: -3252.5 | J4: 3252.5 | K4: 6505 | L4: -3252.5 | M4: 3252.5 | N4: 6505 | O4: 0 | P4: 0 | Q4: 0 | R4: 0 | S4: 0 | T4: 0 | U4: 0 | W4: =(((A4-G4)*-1)/(C4/100)) -> 0 | X4: =(((A4*-1)+H4)/(C4/100)) -> 100 | Y4: =(((A4-I4)*-1)/(C4/100)) -> 0 | Z4: =(((A4*-1)+J4)/(C4/100)) -> 100 | AA4: =(((A4-L4)*-1)/(C4/100)) -> 0 | AB4: =(((A4*-1)+M4)/(C4/100)) -> 100 | AC4: =(O4/(C4/100)) -> 0 | AD4: =((C4-P4)/(C4/100)) -> 100 | AE4: =(((A4*-1)+Q4)/(C4/100)) -> 50 | AH4: 2 | AI4: 2.8496403 | AJ4: =_xll.SRS1Splines.Functions25.Linear_Interp($E$3:$E$67,$W$3:$W$67,AI4) -> 12.4113 | AK4: =_xll.SRS1Splines.Functions25.Linear_Interp($E$3:$E$67,$X$3:$X$67,AI4) -> 88.357201 | AL4: =_xll.SRS1Splines.Functions25.Linear_Interp($E$3:$E$67,$Y$3:$Y$67,AI4) -> 11.540332 | AM4: =_xll.SRS1Splines.Functions25.Linear_Interp($E$3:$E$67,$Z$3:$Z$67,AI4) -> 89.22817 | AN4: =_xll.SRS1Splines.Functions25.Linear_Interp($E$3:$E$67,$AA$3:$AA$67,AI4) -> 11.540332 | AO4: =_xll.SRS1Splines.Functions25.Linear_Interp($E$3:$E$67,$AB$3:$AB$67,AI4) -> 89.22817 | AP4: =_xll.SRS1Splines.Functions25.Linear_Interp($E$3:$E$67,$AC$3:$AC$67,AI4) -> 0 | AQ4: =_xll.SRS1Splines.Functions25.Linear_Interp($E$3:$E$67,$AD$3:$AD$67,AI4) -> 100 | AR4: =_xll.SRS1Splines.Functions25.Linear_Interp($E$3:$E$67,$AE$3:$AE$67,AI4) -> 50 | AU4: =E4 -> 1.2213997 | AV4: =AU4-0.11 -> 1.1113997 | AW4: =AU4+0.11 -> 1.3313997 | AX4: 0.0046354652 | AY4: 0.50095458 | AZ4: =(W4/100)*(C4/1000) -> 0 | BA4: =(X4/100)*(C4/1000) -> 6.505 | BB4: =((AY4*(C4/1000))-AZ4)*-1 -> -3.2587095 | BC4: =BA4-(AY4*(C4/1000)) -> 3.2462905 | BD4: =AX4 -> 0.0046354652 | BE4: 10 | BF4: 6.5044983 | BG4: =BF4/2 -> 3.2522491 | BH4: =(BG4*0.85)+BD4 -> 2.7690472 | BI4: 14.5 | BJ4: =TAN(RADIANS(BI4))*BG4 -> 0.84108881 | BK4: =SIN(RADIANS(BI4))*BG4 -> 0.81429815 | BL4: =0.02*BF4 -> 0.13008997 | BM4: =BB4-BJ4+BL4 -> -3.9697084 | BN4: =BC4-BJ4-BL4 -> 2.2751117 | BO4: =BB4-BK4 -> -4.0730077 | BP4: =BC4-BK4 -> 2.4319923 | BQ4: 2 | BR4: 1.2213997 | BS4: =BM4 -> -3.9697084 | BT4: =BN4 -> 2.2751117 | BU4: =BH4 -> 2.7690472 | BV4: 10 | BW4: =AV4 -> 1.1113997 | BX4: =AW4 -> 1.3313997 | BY4: 0 | BZ4: =BR4/10 -> 0.12213997 | CA4: 0 | CB4: 0 | CC4: 0 | CD4: 0 | CF4: 2 | CG4: =(AY4*(C4/1000))*-1 -> -3.2587095 | CH4: =CG4+(C4/1000) -> 3.2462905 | CI4: =CG4-BJ4 -> -4.0997983 | CJ4: =CH4-BJ4 -> 2.4052017 | CK4: =0.75*CG4 -> -2.4440321 | CL4: =0.75*CH4 -> 2.4347179 | CN4: =AU4-0.5 -> 0.72139968 | CO4: =AU4+0.5 -> 1.7213997
A5: -3252.5 | B5: 3252.5 | C5: =(A5*-1)+B5 -> 6505 | D5: 0.021276596 | E5: =D5*122.1399685 -> 2.5987227 | F5: 2 | G5: -2569.5612 | H5: 2611.8484 | I5: -2617.4867 | J5: 2659.7739 | K5: 5277.2606 | L5: -2617.4867 | M5: 2659.7739 | N5: 5277.2606 | O5: 0 | P5: 0 | Q5: 0 | R5: 0 | S5: 0 | T5: 0 | U5: 0 | W5: =(((A5-G5)*-1)/(C5/100)) -> 10.498675 | X5: =(((A5*-1)+H5)/(C5/100)) -> 90.151397 | Y5: =(((A5-I5)*-1)/(C5/100)) -> 9.7619262 | Z5: =(((A5*-1)+J5)/(C5/100)) -> 90.888147 | AA5: =(((A5-L5)*-1)/(C5/100)) -> 9.7619262 | AB5: =(((A5*-1)+M5)/(C5/100)) -> 90.888147 | AC5: =(O5/(C5/100)) -> 0 | AD5: =((C5-P5)/(C5/100)) -> 100 | AE5: =(((A5*-1)+Q5)/(C5/100)) -> 50 | AH5: 3 | AI5: 5.2919872 | AJ5: =_xll.SRS1Splines.Functions25.Linear_Interp($E$3:$E$67,$W$3:$W$67,AI5) -> 31.028143 | AK5: =_xll.SRS1Splines.Functions25.Linear_Interp($E$3:$E$67,$X$3:$X$67,AI5) -> 70.893104 | AL5: =_xll.SRS1Splines.Functions25.Linear_Interp($E$3:$E$67,$Y$3:$Y$67,AI5) -> 28.850729 | AM5: =_xll.SRS1Splines.Functions25.Linear_Interp($E$3:$E$67,$Z$3:$Z$67,AI5) -> 73.070518 | AN5: =_xll.SRS1Splines.Functions25.Linear_Interp($E$3:$E$67,$AA$3:$AA$67,AI5) -> 28.850729 | AO5: =_xll.SRS1Splines.Functions25.Linear_Interp($E$3:$E$67,$AB$3:$AB$67,AI5) -> 73.070518 | AP5: =_xll.SRS1Splines.Functions25.Linear_Interp($E$3:$E$67,$AC$3:$AC$67,AI5) -> 0 | AQ5: =_xll.SRS1Splines.Functions25.Linear_Interp($E$3:$E$67,$AD$3:$AD$67,AI5) -> 100 | AR5: =_xll.SRS1Splines.Functions25.Linear_Interp($E$3:$E$67,$AE$3:$AE$67,AI5) -> 50 | AU5: =E5 -> 2.5987227 | AV5: =AU5-0.11 -> 2.4887227 | AW5: =AU5+0.11 -> 2.7087227 | AX5: 0.0099455352 | AY5: 0.50107829 | AZ5: =(W5/100)*(C5/1000) -> 0.68293883 | BA5: =(X5/100)*(C5/1000) -> 5.8643484 | BB5: =((AY5*(C5/1000))-AZ5)*-1 -> -2.5765755 | BC5: =BA5-(AY5*(C5/1000)) -> 2.6048341 | BD5: =AX5 -> 0.0099455352 | BE5: 10 | BF5: 6.5039797 | BG5: =BF5/2 -> 3.2519899 | BH5: =(BG5*0.85)+BD5 -> 2.7741369 | BI5: 14.5 | BJ5: =TAN(RADIANS(BI5))*BG5 -> 0.84102176 | BK5: =SIN(RADIANS(BI5))*BG5 -> 0.81423323 | BL5: =0.02*BF5 -> 0.13007959 | BM5: =BB5-BJ5+BL5 -> -3.2875176 | BN5: =BC5-BJ5-BL5 -> 1.6337328 | BO5: =BB5-BK5 -> -3.3908087 | BP5: =BC5-BK5 -> 1.7906009 | BQ5: 3 | BR5: 2.5987227 | BS5: =BM5 -> -3.2875176 | BT5: =BN5 -> 1.6337328 | BU5: =BH5 -> 2.7741369 | BV5: 10 | BW5: =AV5 -> 2.4887227 | BX5: =AW5 -> 2.7087227 | BY5: 0 | BZ5: =BR5/10 -> 0.25987227 | CA5: 0 | CB5: 0 | CC5: 0 | CD5: 0 | CF5: 3 | CG5: =(AY5*(C5/1000))*-1 -> -3.2595143 | CH5: =CG5+(C5/1000) -> 3.2454857 | CI5: =CG5-BJ5 -> -4.1005361 | CJ5: =CH5-BJ5 -> 2.4044639 | CK5: =0.75*CG5 -> -2.4446357 | CL5: =0.75*CH5 -> 2.4341143 | CN5: =AU5-0.5 -> 2.0987227 | CO5: =AU5+0.5 -> 3.0987227
A6: -3252.5 | B6: 3252.5 | C6: =(A6*-1)+B6 -> 6505 | D6: 0.025 | E6: =D6*122.1399685 -> 3.0534992 | F6: 2 | G6: -2344.0625 | H6: 2400.3125 | I6: -2407.8125 | J6: 2464.0625 | K6: 4871.875 | L6: -2407.8125 | M6: 2464.0625 | N6: 4871.875 | O6: 0 | P6: 0 | Q6: 0 | R6: 0 | S6: 0 | T6: 0 | U6: 0 | W6: =(((A6-G6)*-1)/(C6/100)) -> 13.965219 | X6: =(((A6*-1)+H6)/(C6/100)) -> 86.8995 | Y6: =(((A6-I6)*-1)/(C6/100)) -> 12.985204 | Z6: =(((A6*-1)+J6)/(C6/100)) -> 87.879516 | AA6: =(((A6-L6)*-1)/(C6/100)) -> 12.985204 | AB6: =(((A6*-1)+M6)/(C6/100)) -> 87.879516 | AC6: =(O6/(C6/100)) -> 0 | AD6: =((C6-P6)/(C6/100)) -> 100 | AE6: =(((A6*-1)+Q6)/(C6/100)) -> 50 | AH6: 4 | AI6: 7.734334 | AJ6: =_xll.SRS1Splines.Functions25.Linear_Interp($E$3:$E$67,$W$3:$W$67,AI6) -> 37.272981 | AK6: =_xll.SRS1Splines.Functions25.Linear_Interp($E$3:$E$67,$X$3:$X$67,AI6) -> 64.844178 | AL6: =_xll.SRS1Splines.Functions25.Linear_Interp($E$3:$E$67,$Y$3:$Y$67,AI6) -> 34.660706 | AM6: =_xll.SRS1Splines.Functions25.Linear_Interp($E$3:$E$67,$Z$3:$Z$67,AI6) -> 67.456452 | AN6: =_xll.SRS1Splines.Functions25.Linear_Interp($E$3:$E$67,$AA$3:$AA$67,AI6) -> 34.660706 | AO6: =_xll.SRS1Splines.Functions25.Linear_Interp($E$3:$E$67,$AB$3:$AB$67,AI6) -> 67.456452 | AP6: =_xll.SRS1Splines.Functions25.Linear_Interp($E$3:$E$67,$AC$3:$AC$67,AI6) -> 0 | AQ6: =_xll.SRS1Splines.Functions25.Linear_Interp($E$3:$E$67,$AD$3:$AD$67,AI6) -> 100 | AR6: =_xll.SRS1Splines.Functions25.Linear_Interp($E$3:$E$67,$AE$3:$AE$67,AI6) -> 49.910502 | AU6: =E6 -> 3.0534992 | AV6: =AU6-0.11 -> 2.9434992 | AW6: =AU6+0.11 -> 3.1634992 | AX6: 0.011862881 | AY6: 0.5010597 | AZ6: =(W6/100)*(C6/1000) -> 0.9084375 | BA6: =(X6/100)*(C6/1000) -> 5.6528125 | BB6: =((AY6*(C6/1000))-AZ6)*-1 -> -2.3509558 | BC6: =BA6-(AY6*(C6/1000)) -> 2.3934192 | BD6: =AX6 -> 0.011862881 | BE6: 10 | BF6: 6.4964012 | BG6: =BF6/2 -> 3.2482006 | BH6: =(BG6*0.85)+BD6 -> 2.7728334 | BI6: 14.5 | BJ6: =TAN(RADIANS(BI6))*BG6 -> 0.84004179 | BK6: =SIN(RADIANS(BI6))*BG6 -> 0.81328448 | BL6: =0.02*BF6 -> 0.12992802 | BM6: =BB6-BJ6+BL6 -> -3.0610696 | BN6: =BC6-BJ6-BL6 -> 1.4234494 | BO6: =BB6-BK6 -> -3.1642403 | BP6: =BC6-BK6 -> 1.5801347 | BQ6: 4 | BR6: 3.0534992 | BS6: =BM6 -> -3.0610696 | BT6: =BN6 -> 1.4234494 | BU6: =BH6 -> 2.7728334 | BV6: 10 | BW6: =AV6 -> 2.9434992 | BX6: =AW6 -> 3.1634992 | BY6: 0 | BZ6: =BR6/10 -> 0.30534992 | CA6: 0 | CB6: 0 | CC6: 0 | CD6: 0 | CF6: 4 | CG6: =(AY6*(C6/1000))*-1 -> -3.2593933 | CH6: =CG6+(C6/1000) -> 3.2456067 | CI6: =CG6-BJ6 -> -4.0994351 | CJ6: =CH6-BJ6 -> 2.4055649 | CK6: =0.75*CG6 -> -2.444545 | CL6: =0.75*CH6 -> 2.434205 | CN6: =AU6-0.5 -> 2.5534992 | CO6: =AU6+0.5 -> 3.5534992
A7: -3252.5 | B7: 3252.5 | C7: =(A7*-1)+B7 -> 6505 | D7: 0.042553191 | E7: =D7*122.1399685 -> 5.1974455 | F7: 2 | G7: -1280.9973 | H7: 1403.0718 | I7: -1419.3484 | J7: 1541.4229 | K7: 2960.7713 | L7: -1419.3484 | M7: 1541.4229 | N7: 2960.7713 | O7: 0 | P7: 0 | Q7: 0 | R7: 0 | S7: 0 | T7: 0 | U7: 0 | W7: =(((A7-G7)*-1)/(C7/100)) -> 30.307497 | X7: =(((A7*-1)+H7)/(C7/100)) -> 71.569128 | Y7: =(((A7-I7)*-1)/(C7/100)) -> 28.180655 | Z7: =(((A7*-1)+J7)/(C7/100)) -> 73.69597 | AA7: =(((A7-L7)*-1)/(C7/100)) -> 28.180655 | AB7: =(((A7*-1)+M7)/(C7/100)) -> 73.69597 | AC7: =(O7/(C7/100)) -> 0 | AD7: =((C7-P7)/(C7/100)) -> 100 | AE7: =(((A7*-1)+Q7)/(C7/100)) -> 50 | AH7: 5 | AI7: 10.176681 | AJ7: =_xll.SRS1Splines.Functions25.Linear_Interp($E$3:$E$67,$W$3:$W$67,AI7) -> 37.431937 | AK7: =_xll.SRS1Splines.Functions25.Linear_Interp($E$3:$E$67,$X$3:$X$67,AI7) -> 64.381694 | AL7: =_xll.SRS1Splines.Functions25.Linear_Interp($E$3:$E$67,$Y$3:$Y$67,AI7) -> 34.84448 | AM7: =_xll.SRS1Splines.Functions25.Linear_Interp($E$3:$E$67,$Z$3:$Z$67,AI7) -> 66.969151 | AN7: =_xll.SRS1Splines.Functions25.Linear_Interp($E$3:$E$67,$AA$3:$AA$67,AI7) -> 34.84448 | AO7: =_xll.SRS1Splines.Functions25.Linear_Interp($E$3:$E$67,$AB$3:$AB$67,AI7) -> 66.969151 | AP7: =_xll.SRS1Splines.Functions25.Linear_Interp($E$3:$E$67,$AC$3:$AC$67,AI7) -> 0 | AQ7: =_xll.SRS1Splines.Functions25.Linear_Interp($E$3:$E$67,$AD$3:$AD$67,AI7) -> 100 | AR7: =_xll.SRS1Splines.Functions25.Linear_Interp($E$3:$E$67,$AE$3:$AE$67,AI7) -> 49.776182 | AU7: =E7 -> 5.1974455 | AV7: =AU7-0.11 -> 5.0874455 | AW7: =AU7+0.11 -> 5.3074455 | AX7: 0.021853535 | AY7: 0.5006271 | AZ7: =(W7/100)*(C7/1000) -> 1.9715027 | BA7: =(X7/100)*(C7/1000) -> 4.6555718 | BB7: =((AY7*(C7/1000))-AZ7)*-1 -> -1.2850766 | BC7: =BA7-(AY7*(C7/1000)) -> 1.3989925 | BD7: =AX7 -> 0.021853535 | BE7: 10 | BF7: 6.4176928 | BG7: =BF7/2 -> 3.2088464 | BH7: =(BG7*0.85)+BD7 -> 2.749373 | BI7: 14.5 | BJ7: =TAN(RADIANS(BI7))*BG7 -> 0.82986411 | BK7: =SIN(RADIANS(BI7))*BG7 -> 0.80343098 | BL7: =0.02*BF7 -> 0.12835386 | BM7: =BB7-BJ7+BL7 -> -1.9865869 | BN7: =BC7-BJ7-BL7 -> 0.44077458 | BO7: =BB7-BK7 -> -2.0885076 | BP7: =BC7-BK7 -> 0.59556157 | BQ7: 5 | BR7: 5.1974455 | BS7: =BM7 -> -1.9865869 | BT7: =BN7 -> 0.44077458 | BU7: =BH7 -> 2.749373 | BV7: 10 | BW7: =AV7 -> 5.0874455 | BX7: =AW7 -> 5.3074455 | BY7: 0 | BZ7: =BR7/10 -> 0.51974455 | CA7: 0 | CB7: 0 | CC7: 0 | CD7: 0 | CF7: 5 | CG7: =(AY7*(C7/1000))*-1 -> -3.2565793 | CH7: =CG7+(C7/1000) -> 3.2484207 | CI7: =CG7-BJ7 -> -4.0864434 | CJ7: =CH7-BJ7 -> 2.4185566 | CK7: =0.75*CG7 -> -2.4424344 | CL7: =0.75*CH7 -> 2.4363156 | CN7: =AU7-0.5 -> 4.6974455 | CO7: =AU7+0.5 -> 5.6974455
A8: -3252.5 | B8: 3252.5 | C8: =(A8*-1)+B8 -> 6505 | D8: 0.05 | E8: =D8*122.1399685 -> 6.1069984 | F8: 2 | G8: -830 | H8: 980 | I8: -1000 | J8: 1150 | K8: 2150 | L8: -1000 | M8: 1150 | N8: 2150 | O8: 0 | P8: 0 | Q8: 0 | R8: 0 | S8: 0 | T8: 0 | U8: 0 | W8: =(((A8-G8)*-1)/(C8/100)) -> 37.240584 | X8: =(((A8*-1)+H8)/(C8/100)) -> 65.065334 | Y8: =(((A8-I8)*-1)/(C8/100)) -> 34.62721 | Z8: =(((A8*-1)+J8)/(C8/100)) -> 67.678709 | AA8: =(((A8-L8)*-1)/(C8/100)) -> 34.62721 | AB8: =(((A8*-1)+M8)/(C8/100)) -> 67.678709 | AC8: =(O8/(C8/100)) -> 0 | AD8: =((C8-P8)/(C8/100)) -> 100 | AE8: =(((A8*-1)+Q8)/(C8/100)) -> 50 | AH8: 6 | AI8: 12.620442 | AJ8: =_xll.SRS1Splines.Functions25.Linear_Interp($E$3:$E$67,$W$3:$W$67,AI8) -> 37.100033 | AK8: =_xll.SRS1Splines.Functions25.Linear_Interp($E$3:$E$67,$X$3:$X$67,AI8) -> 62.818242 | AL8: =_xll.SRS1Splines.Functions25.Linear_Interp($E$3:$E$67,$Y$3:$Y$67,AI8) -> 34.597448 | AM8: =_xll.SRS1Splines.Functions25.Linear_Interp($E$3:$E$67,$Z$3:$Z$67,AI8) -> 65.320827 | AN8: =_xll.SRS1Splines.Functions25.Linear_Interp($E$3:$E$67,$AA$3:$AA$67,AI8) -> 34.597448 | AO8: =_xll.SRS1Splines.Functions25.Linear_Interp($E$3:$E$67,$AB$3:$AB$67,AI8) -> 65.320827 | AP8: =_xll.SRS1Splines.Functions25.Linear_Interp($E$3:$E$67,$AC$3:$AC$67,AI8) -> 7.0141418 | AQ8: =_xll.SRS1Splines.Functions25.Linear_Interp($E$3:$E$67,$AD$3:$AD$67,AI8) -> 88.175708 | AR8: =_xll.SRS1Splines.Functions25.Linear_Interp($E$3:$E$67,$AE$3:$AE$67,AI8) -> 48.87191 | AU8: =E8 -> 6.1069984 | AV8: =AU8-0.11 -> 5.9969984 | AW8: =AU8+0.11 -> 6.2169984 | AX8: 0.026131433 | AY8: 0.50099774 | AZ8: =(W8/100)*(C8/1000) -> 2.4225 | BA8: =(X8/100)*(C8/1000) -> 4.2325 | BB8: =((AY8*(C8/1000))-AZ8)*-1 -> -0.83649028 | BC8: =BA8-(AY8*(C8/1000)) -> 0.97350972 | BD8: =AX8 -> 0.026131433 | BE8: 10 | BF8: 6.3383559 | BG8: =BF8/2 -> 3.1691779 | BH8: =(BG8*0.85)+BD8 -> 2.7199327 | BI8: 14.5 | BJ8: =TAN(RADIANS(BI8))*BG8 -> 0.81960514 | BK8: =SIN(RADIANS(BI8))*BG8 -> 0.79349879 | BL8: =0.02*BF8 -> 0.12676712 | BM8: =BB8-BJ8+BL8 -> -1.5293283 | BN8: =BC8-BJ8-BL8 -> 0.027137457 | BO8: =BB8-BK8 -> -1.6299891 | BP8: =BC8-BK8 -> 0.18001093 | BQ8: 6 | BR8: 6.1069984 | BS8: =BM8 -> -1.5293283 | BT8: =BN8 -> 0.027137457 | BU8: =BH8 -> 2.7199327 | BV8: 10 | BW8: =AV8 -> 5.9969984 | BX8: =AW8 -> 6.2169984 | BY8: 0 | BZ8: =BR8/10 -> 0.61069984 | CA8: 0 | CB8: 0 | CC8: 0 | CD8: 0 | CF8: 6 | CG8: =(AY8*(C8/1000))*-1 -> -3.2589903 | CH8: =CG8+(C8/1000) -> 3.2460097 | CI8: =CG8-BJ8 -> -4.0785954 | CJ8: =CH8-BJ8 -> 2.4264046 | CK8: =0.75*CG8 -> -2.4442427 | CL8: =0.75*CH8 -> 2.4345073 | CN8: =AU8-0.5 -> 5.6069984 | CO8: =AU8+0.5 -> 6.6069984
A9: -3247.8759 | B9: 3259.9673 | C9: =(A9*-1)+B9 -> 6507.8432 | D9: 0.063829787 | E9: =D9*122.1399685 -> 7.7961682 | F9: 2 | G9: -822.12866 | H9: 971.5346 | I9: -992.12866 | J9: 1141.5346 | K9: 2133.6633 | L9: -992.12866 | M9: 1141.5346 | N9: 2133.6633 | O9: 0 | P9: 0 | Q9: 0 | R9: 0 | S9: 0 | T9: 0 | U9: 0 | W9: =(((A9-G9)*-1)/(C9/100)) -> 37.274212 | X9: =(((A9*-1)+H9)/(C9/100)) -> 64.835774 | Y9: =(((A9-I9)*-1)/(C9/100)) -> 34.661979 | Z9: =(((A9*-1)+J9)/(C9/100)) -> 67.448007 | AA9: =(((A9-L9)*-1)/(C9/100)) -> 34.661979 | AB9: =(((A9*-1)+M9)/(C9/100)) -> 67.448007 | AC9: =(O9/(C9/100)) -> 0 | AD9: =((C9-P9)/(C9/100)) -> 100 | AE9: =(((A9*-1)+Q9)/(C9/100)) -> 49.907102 | AH9: 7 | AI9: 15.061374 | AJ9: =_xll.SRS1Splines.Functions25.Linear_Interp($E$3:$E$67,$W$3:$W$67,AI9) -> 36.187105 | AK9: =_xll.SRS1Splines.Functions25.Linear_Interp($E$3:$E$67,$X$3:$X$67,AI9) -> 60.356501 | AL9: =_xll.SRS1Splines.Functions25.Linear_Interp($E$3:$E$67,$Y$3:$Y$67,AI9) -> 33.803284 | AM9: =_xll.SRS1Splines.Functions25.Linear_Interp($E$3:$E$67,$Z$3:$Z$67,AI9) -> 62.740322 | AN9: =_xll.SRS1Splines.Functions25.Linear_Interp($E$3:$E$67,$AA$3:$AA$67,AI9) -> 33.803284 | AO9: =_xll.SRS1Splines.Functions25.Linear_Interp($E$3:$E$67,$AB$3:$AB$67,AI9) -> 62.740322 | AP9: =_xll.SRS1Splines.Functions25.Linear_Interp($E$3:$E$67,$AC$3:$AC$67,AI9) -> 6.4036629 | AQ9: =_xll.SRS1Splines.Functions25.Linear_Interp($E$3:$E$67,$AD$3:$AD$67,AI9) -> 88.695479 | AR9: =_xll.SRS1Splines.Functions25.Linear_Interp($E$3:$E$67,$AE$3:$AE$67,AI9) -> 47.242141 | AU9: =E9 -> 7.7961682 | AV9: =AU9-0.11 -> 7.6861682 | AW9: =AU9+0.11 -> 7.9061682 | AX9: 0.034117282 | AY9: 0.50169004 | AZ9: =(W9/100)*(C9/1000) -> 2.4257472 | BA9: =(X9/100)*(C9/1000) -> 4.2194105 | BB9: =((AY9*(C9/1000))-AZ9)*-1 -> -0.83917287 | BC9: =BA9-(AY9*(C9/1000)) -> 0.95449039 | BD9: =AX9 -> 0.034117282 | BE9: 10 | BF9: 6.1796126 | BG9: =BF9/2 -> 3.0898063 | BH9: =(BG9*0.85)+BD9 -> 2.6604526 | BI9: 14.499616 | BJ9: =TAN(RADIANS(BI9))*BG9 -> 0.79905615 | BK9: =SIN(RADIANS(BI9))*BG9 -> 0.77360566 | BL9: =0.02*BF9 -> 0.12359225 | BM9: =BB9-BJ9+BL9 -> -1.5146368 | BN9: =BC9-BJ9-BL9 -> 0.031841994 | BO9: =BB9-BK9 -> -1.6127785 | BP9: =BC9-BK9 -> 0.18088473 | BQ9: 7 | BR9: 7.7961682 | BS9: =BM9 -> -1.5146368 | BT9: =BN9 -> 0.031841994 | BU9: =BH9 -> 2.6604526 | BV9: 10 | BW9: =AV9 -> 7.6861682 | BX9: =AW9 -> 7.9061682 | BY9: 0 | BZ9: =BR9/10 -> 0.77961682 | CA9: 0 | CB9: 0 | CC9: 0 | CD9: 0 | CF9: 7 | CG9: =(AY9*(C9/1000))*-1 -> -3.2649201 | CH9: =CG9+(C9/1000) -> 3.242923 | CI9: =CG9-BJ9 -> -4.0639763 | CJ9: =CH9-BJ9 -> 2.4438669 | CK9: =0.75*CG9 -> -2.4486901 | CL9: =0.75*CH9 -> 2.4321923 | CN9: =AU9-0.5 -> 7.2961682 | CO9: =AU9+0.5 -> 8.2961682
A10: -3270.4664 | B10: 3299.9487 | C10: =(A10*-1)+B10 -> 6570.4151 | D10: 0.0834 | E10: =D10*122.1399685 -> 10.186473 | F10: 2 | G10: -810.99012 | H10: 959.55541 | I10: -980.99012 | J10: 1129.5554 | K10: 2110.5455 | L10: -980.99012 | M10: 1129.5554 | N10: 2110.5455 | O10: 0 | P10: 0 | Q10: 0 | R10: 0 | S10: 0 | T10: 0 | U10: 0 | W10: =(((A10-G10)*-1)/(C10/100)) -> 37.432586 | X10: =(((A10*-1)+H10)/(C10/100)) -> 64.379826 | Y10: =(((A10-I10)*-1)/(C10/100)) -> 34.84523 | Z10: =(((A10*-1)+J10)/(C10/100)) -> 66.967182 | AA10: =(((A10-L10)*-1)/(C10/100)) -> 34.84523 | AB10: =(((A10*-1)+M10)/(C10/100)) -> 66.967182 | AC10: =(O10/(C10/100)) -> 0 | AD10: =((C10-P10)/(C10/100)) -> 100 | AE10: =(((A10*-1)+Q10)/(C10/100)) -> 49.775644 | AH10: 8 | AI10: 17.502307 | AJ10: =_xll.SRS1Splines.Functions25.Linear_Interp($E$3:$E$67,$W$3:$W$67,AI10) -> 35.276906 | AK10: =_xll.SRS1Splines.Functions25.Linear_Interp($E$3:$E$67,$X$3:$X$67,AI10) -> 57.889841 | AL10: =_xll.SRS1Splines.Functions25.Linear_Interp($E$3:$E$67,$Y$3:$Y$67,AI10) -> 33.015711 | AM10: =_xll.SRS1Splines.Functions25.Linear_Interp($E$3:$E$67,$Z$3:$Z$67,AI10) -> 60.151036 | AN10: =_xll.SRS1Splines.Functions25.Linear_Interp($E$3:$E$67,$AA$3:$AA$67,AI10) -> 33.015711 | AO10: =_xll.SRS1Splines.Functions25.Linear_Interp($E$3:$E$67,$AB$3:$AB$67,AI10) -> 60.151036 | AP10: =_xll.SRS1Splines.Functions25.Linear_Interp($E$3:$E$67,$AC$3:$AC$67,AI10) -> 6.0817226 | AQ10: =_xll.SRS1Splines.Functions25.Linear_Interp($E$3:$E$67,$AD$3:$AD$67,AI10) -> 89.509806 | AR10: =_xll.SRS1Splines.Functions25.Linear_Interp($E$3:$E$67,$AE$3:$AE$67,AI10) -> 45.612372 | AU10: =E10 -> 10.186473 | AV10: =AU10-0.11 -> 10.076473 | AW10: =AU10+0.11 -> 10.296473 | AX10: 0.046641065 | AY10: 0.49836702 | AZ10: =(W10/100)*(C10/1000) -> 2.4594763 | BA10: =(X10/100)*(C10/1000) -> 4.2300218 | BB10: =((AY10*(C10/1000))-AZ10)*-1 -> -0.81500192 | BC10: =BA10-(AY10*(C10/1000)) -> 0.95554361 | BD10: =AX10 -> 0.046641065 | BE10: 10 | BF10: 5.8966772 | BG10: =BF10/2 -> 2.9483386 | BH10: =(BG10*0.85)+BD10 -> 2.5527289 | BI10: 14.48432 | BJ10: =TAN(RADIANS(BI10))*BG10 -> 0.76163142 | BK10: =SIN(RADIANS(BI10))*BG10 -> 0.73742382 | BL10: =0.02*BF10 -> 0.11793354 | BM10: =BB10-BJ10+BL10 -> -1.4586998 | BN10: =BC10-BJ10-BL10 -> 0.075978646 | BO10: =BB10-BK10 -> -1.5524257 | BP10: =BC10-BK10 -> 0.21811979 | BQ10: 8 | BR10: 10.186473 | BS10: =BM10 -> -1.4586998 | BT10: =BN10 -> 0.075978646 | BU10: =BH10 -> 2.5527289 | BV10: 10 | BW10: =AV10 -> 10.076473 | BX10: =AW10 -> 10.296473 | BY10: 0 | BZ10: =BR10/10 -> 1.0186473 | CA10: 0 | CB10: 0 | CC10: 0 | CD10: 0 | CF10: 8 | CG10: =(AY10*(C10/1000))*-1 -> -3.2744782 | CH10: =CG10+(C10/1000) -> 3.2959369 | CI10: =CG10-BJ10 -> -4.0361096 | CJ10: =CH10-BJ10 -> 2.5343055 | CK10: =0.75*CG10 -> -2.4558587 | CL10: =0.75*CH10 -> 2.4719527 | CN10: =AU10-0.5 -> 9.6864734 | CO10: =AU10+0.5 -> 10.686473
A11: -3274.4852 | B11: 3312.6059 | C11: =(A11*-1)+B11 -> 6587.0912 | D11: 0.085106383 | E11: =D11*122.1399685 -> 10.394891 | F11: 2 | G11: -810.01892 | H11: 958.51091 | I11: -980.01892 | J11: 1128.5109 | K11: 2108.5298 | L11: -980.01892 | M11: 1128.5109 | N11: 2108.5298 | O11: 0 | P11: 0 | Q11: 0 | R11: 0 | S11: 0 | T11: 0 | U11: 0 | W11: =(((A11-G11)*-1)/(C11/100)) -> 37.413575 | X11: =(((A11*-1)+H11)/(C11/100)) -> 64.261994 | Y11: =(((A11-I11)*-1)/(C11/100)) -> 34.83277 | Z11: =(((A11*-1)+J11)/(C11/100)) -> 66.8428 | AA11: =(((A11-L11)*-1)/(C11/100)) -> 34.83277 | AB11: =(((A11*-1)+M11)/(C11/100)) -> 66.8428 | AC11: =(O11/(C11/100)) -> 0 | AD11: =((C11-P11)/(C11/100)) -> 100 | AE11: =(((A11*-1)+Q11)/(C11/100)) -> 49.710641 | AH11: 9 | AI11: 19.946068 | AJ11: =_xll.SRS1Splines.Functions25.Linear_Interp($E$3:$E$67,$W$3:$W$67,AI11) -> 34.325933 | AK11: =_xll.SRS1Splines.Functions25.Linear_Interp($E$3:$E$67,$X$3:$X$67,AI11) -> 55.471137 | AL11: =_xll.SRS1Splines.Functions25.Linear_Interp($E$3:$E$67,$Y$3:$Y$67,AI11) -> 32.18134 | AM11: =_xll.SRS1Splines.Functions25.Linear_Interp($E$3:$E$67,$Z$3:$Z$67,AI11) -> 57.61573 | AN11: =_xll.SRS1Splines.Functions25.Linear_Interp($E$3:$E$67,$AA$3:$AA$67,AI11) -> 32.18134 | AO11: =_xll.SRS1Splines.Functions25.Linear_Interp($E$3:$E$67,$AB$3:$AB$67,AI11) -> 57.61573 | AP11: =_xll.SRS1Splines.Functions25.Linear_Interp($E$3:$E$67,$AC$3:$AC$67,AI11) -> 5.8511144 | AQ11: =_xll.SRS1Splines.Functions25.Linear_Interp($E$3:$E$67,$AD$3:$AD$67,AI11) -> 90.350819 | AR11: =_xll.SRS1Splines.Functions25.Linear_Interp($E$3:$E$67,$AE$3:$AE$67,AI11) -> 43.983089 | AU11: =E11 -> 10.394891 | AV11: =AU11-0.11 -> 10.284891 | AW11: =AU11+0.11 -> 10.504891 | AX11: 0.047859514 | AY11: 0.49797982 | AZ11: =(W11/100)*(C11/1000) -> 2.4644663 | BA11: =(X11/100)*(C11/1000) -> 4.2329961 | BB11: =((AY11*(C11/1000))-AZ11)*-1 -> -0.81577213 | BC11: =BA11-(AY11*(C11/1000)) -> 0.9527577 | BD11: =AX11 -> 0.047859514 | BE11: 10 | BF11: 5.8766291 | BG11: =BF11/2 -> 2.9383145 | BH11: =(BG11*0.85)+BD11 -> 2.5454269 | BI11: 14.473372 | BJ11: =TAN(RADIANS(BI11))*BG11 -> 0.75844307 | BK11: =SIN(RADIANS(BI11))*BG11 -> 0.73437304 | BL11: =0.02*BF11 -> 0.11753258 | BM11: =BB11-BJ11+BL11 -> -1.4566826 | BN11: =BC11-BJ11-BL11 -> 0.076782054 | BO11: =BB11-BK11 -> -1.5501452 | BP11: =BC11-BK11 -> 0.21838466 | BQ11: 9 | BR11: 10.394891 | BS11: =BM11 -> -1.4566826 | BT11: =BN11 -> 0.076782054 | BU11: =BH11 -> 2.5454269 | BV11: 10 | BW11: =AV11 -> 10.284891 | BX11: =AW11 -> 10.504891 | BY11: 0 | BZ11: =BR11/10 -> 1.0394891 | CA11: 0 | CB11: 0 | CC11: 0 | CD11: 0 | CF11: 9 | CG11: =(AY11*(C11/1000))*-1 -> -3.2802384 | CH11: =CG11+(C11/1000) -> 3.3068527 | CI11: =CG11-BJ11 -> -4.0386815 | CJ11: =CH11-BJ11 -> 2.5484097 | CK11: =0.75*CG11 -> -2.4601788 | CL11: =0.75*CH11 -> 2.4801395 | CN11: =AU11-0.5 -> 9.8948909 | CO11: =AU11+0.5 -> 10.894891
A12: -3314.6938 | B12: 3430.2638 | C12: =(A12*-1)+B12 -> 6744.9575 | D12: 0.1 | E12: =D12*122.1399685 -> 12.213997 | F12: 2 | G12: -801.5421 | H12: 949.39433 | I12: -971.5421 | J12: 1119.3943 | K12: 2090.9364 | L12: -971.5421 | M12: 1119.3943 | N12: 2090.9364 | O12: 483.1 | P12: 799.4 | Q12: 0 | R12: 0 | S12: 0 | T12: 0 | U12: 0 | W12: =(((A12-G12)*-1)/(C12/100)) -> 37.259711 | X12: =(((A12*-1)+H12)/(C12/100)) -> 63.218902 | Y12: =(((A12-I12)*-1)/(C12/100)) -> 34.739309 | Z12: =(((A12*-1)+J12)/(C12/100)) -> 65.739303 | AA12: =(((A12-L12)*-1)/(C12/100)) -> 34.739309 | AB12: =(((A12*-1)+M12)/(C12/100)) -> 65.739303 | AC12: =(O12/(C12/100)) -> 7.1623876 | AD12: =((C12-P12)/(C12/100)) -> 88.148183 | AE12: =(((A12*-1)+Q12)/(C12/100)) -> 49.143286 | AH12: 10 | AI12: 21.982536 | AJ12: =_xll.SRS1Splines.Functions25.Linear_Interp($E$3:$E$67,$W$3:$W$67,AI12) -> 33.552934 | AK12: =_xll.SRS1Splines.Functions25.Linear_Interp($E$3:$E$67,$X$3:$X$67,AI12) -> 53.710722 | AL12: =_xll.SRS1Splines.Functions25.Linear_Interp($E$3:$E$67,$Y$3:$Y$67,AI12) -> 31.484513 | AM12: =_xll.SRS1Splines.Functions25.Linear_Interp($E$3:$E$67,$Z$3:$Z$67,AI12) -> 55.779143 | AN12: =_xll.SRS1Splines.Functions25.Linear_Interp($E$3:$E$67,$AA$3:$AA$67,AI12) -> 31.484513 | AO12: =_xll.SRS1Splines.Functions25.Linear_Interp($E$3:$E$67,$AB$3:$AB$67,AI12) -> 55.779143 | AP12: =_xll.SRS1Splines.Functions25.Linear_Interp($E$3:$E$67,$AC$3:$AC$67,AI12) -> 5.7288 | AQ12: =_xll.SRS1Splines.Functions25.Linear_Interp($E$3:$E$67,$AD$3:$AD$67,AI12) -> 90.949134 | AR12: =_xll.SRS1Splines.Functions25.Linear_Interp($E$3:$E$67,$AE$3:$AE$67,AI12) -> 42.753195 | AU12: =E12 -> 12.213997 | AV12: =AU12-0.11 -> 12.103997 | AW12: =AU12+0.11 -> 12.323997 | AX12: 0.058494359 | AY12: 0.49460022 | AZ12: =(W12/100)*(C12/1000) -> 2.5131517 | BA12: =(X12/100)*(C12/1000) -> 4.2640881 | BB12: =((AY12*(C12/1000))-AZ12)*-1 -> -0.82290578 | BC12: =BA12-(AY12*(C12/1000)) -> 0.92803065 | BD12: =AX12 -> 0.058494359 | BE12: 10 | BF12: 5.6925861 | BG12: =BF12/2 -> 2.846293 | BH12: =(BG12*0.85)+BD12 -> 2.4778434 | BI12: 14.377817 | BJ12: =TAN(RADIANS(BI12))*BG12 -> 0.7296293 | BK12: =SIN(RADIANS(BI12))*BG12 -> 0.70677685 | BL12: =0.02*BF12 -> 0.11385172 | BM12: =BB12-BJ12+BL12 -> -1.4386834 | BN12: =BC12-BJ12-BL12 -> 0.084549623 | BO12: =BB12-BK12 -> -1.5296826 | BP12: =BC12-BK12 -> 0.22125379 | BQ12: 10 | BR12: 12.213997 | BS12: =BM12 -> -1.4386834 | BT12: =BN12 -> 0.084549623 | BU12: =BH12 -> 2.4778434 | BV12: 10 | BW12: =AV12 -> 12.103997 | BX12: =AW12 -> 12.323997 | BY12: 0 | BZ12: =BR12/10 -> 1.2213997 | CA12: 0 | CB12: 0 | CC12: 0 | CD12: 0 | CF12: 10 | CG12: =(AY12*(C12/1000))*-1 -> -3.3360575 | CH12: =CG12+(C12/1000) -> 3.4089001 | CI12: =CG12-BJ12 -> -4.0656868 | CJ12: =CH12-BJ12 -> 2.6792708 | CK12: =0.75*CG12 -> -2.5020431 | CL12: =0.75*CH12 -> 2.5566751 | CN12: =AU12-0.5 -> 11.713997 | CO12: =AU12+0.5 -> 12.713997
A13: -3324.661 | B13: 3513.0046 | C13: =(A13*-1)+B13 -> 6837.6657 | D13: 0.10638298 | E13: =D13*122.1399685 -> 12.993614 | F13: 2 | G13: -797.90917 | H13: 945.48722 | I13: -967.90917 | J13: 1115.4872 | K13: 2083.3964 | L13: -967.90917 | M13: 1115.4872 | N13: 2083.3964 | O13: 470.29683 | P13: 806.77764 | Q13: 0 | R13: 0 | S13: 0 | T13: 0 | U13: 0 | W13: =(((A13-G13)*-1)/(C13/100)) -> 36.953428 | X13: =(((A13*-1)+H13)/(C13/100)) -> 62.450381 | Y13: =(((A13-I13)*-1)/(C13/100)) -> 34.467199 | Z13: =(((A13*-1)+J13)/(C13/100)) -> 64.936609 | AA13: =(((A13-L13)*-1)/(C13/100)) -> 34.467199 | AB13: =(((A13*-1)+M13)/(C13/100)) -> 64.936609 | AC13: =(O13/(C13/100)) -> 6.8780319 | AD13: =((C13-P13)/(C13/100)) -> 88.200978 | AE13: =(((A13*-1)+Q13)/(C13/100)) -> 48.622749 | AH13: 11 | AI13: 25.028752 | AJ13: =_xll.SRS1Splines.Functions25.Linear_Interp($E$3:$E$67,$W$3:$W$67,AI13) -> 32.250962 | AK13: =_xll.SRS1Splines.Functions25.Linear_Interp($E$3:$E$67,$X$3:$X$67,AI13) -> 51.249771 | AL13: =_xll.SRS1Splines.Functions25.Linear_Interp($E$3:$E$67,$Y$3:$Y$67,AI13) -> 30.266032 | AM13: =_xll.SRS1Splines.Functions25.Linear_Interp($E$3:$E$67,$Z$3:$Z$67,AI13) -> 53.234701 | AN13: =_xll.SRS1Splines.Functions25.Linear_Interp($E$3:$E$67,$AA$3:$AA$67,AI13) -> 30.266032 | AO13: =_xll.SRS1Splines.Functions25.Linear_Interp($E$3:$E$67,$AB$3:$AB$67,AI13) -> 53.234701 | AP13: =_xll.SRS1Splines.Functions25.Linear_Interp($E$3:$E$67,$AC$3:$AC$67,AI13) -> 5.4043158 | AQ13: =_xll.SRS1Splines.Functions25.Linear_Interp($E$3:$E$67,$AD$3:$AD$67,AI13) -> 91.469703 | AR13: =_xll.SRS1Splines.Functions25.Linear_Interp($E$3:$E$67,$AE$3:$AE$67,AI13) -> 40.913478 | AU13: =E13 -> 12.993614 | AV13: =AU13-0.11 -> 12.883614 | AW13: =AU13+0.11 -> 13.103614 | AX13: 0.063262601 | AY13: 0.4923872 | AZ13: =(W13/100)*(C13/1000) -> 2.5267518 | BA13: =(X13/100)*(C13/1000) -> 4.2701482 | BB13: =((AY13*(C13/1000))-AZ13)*-1 -> -0.84002719 | BC13: =BA13-(AY13*(C13/1000)) -> 0.90336921 | BD13: =AX13 -> 0.063262601 | BE13: 10 | BF13: 5.615054 | BG13: =BF13/2 -> 2.807527 | BH13: =(BG13*0.85)+BD13 -> 2.4496606 | BI13: 14.304637 | BJ13: =TAN(RADIANS(BI13))*BG13 -> 0.71587165 | BK13: =SIN(RADIANS(BI13))*BG13 -> 0.69367657 | BL13: =0.02*BF13 -> 0.11230108 | BM13: =BB13-BJ13+BL13 -> -1.4435978 | BN13: =BC13-BJ13-BL13 -> 0.075196481 | BO13: =BB13-BK13 -> -1.5337038 | BP13: =BC13-BK13 -> 0.20969263 | BQ13: 11 | BR13: 12.993614 | BS13: =BM13 -> -1.4435978 | BT13: =BN13 -> 0.075196481 | BU13: =BH13 -> 2.4496606 | BV13: 10 | BW13: =AV13 -> 12.883614 | BX13: =AW13 -> 13.103614 | BY13: 0 | BZ13: =BR13/10 -> 1.2993614 | CA13: 0 | CB13: 0 | CC13: 0 | CD13: 0 | CF13: 11 | CG13: =(AY13*(C13/1000))*-1 -> -3.366779 | CH13: =CG13+(C13/1000) -> 3.4708866 | CI13: =CG13-BJ13 -> -4.0826507 | CJ13: =CH13-BJ13 -> 2.755015 | CK13: =0.75*CG13 -> -2.5250843 | CL13: =0.75*CH13 -> 2.603165 | CN13: =AU13-0.5 -> 12.493614 | CO13: =AU13+0.5 -> 13.493614
A14: -3381.046 | B14: 3829.9098 | C14: =(A14*-1)+B14 -> 7210.9558 | D14: 0.12765957 | E14: =D14*122.1399685 -> 15.592336 | F14: 2 | G14: -785.79943 | H14: 932.46353 | I14: -955.79943 | J14: 1102.4635 | K14: 2058.263 | L14: -955.79943 | M14: 1102.4635 | N14: 2058.263 | O14: 452.98171 | P14: 806.00765 | Q14: 0 | R14: 0 | S14: 0 | T14: 0 | U14: 0 | W14: =(((A14-G14)*-1)/(C14/100)) -> 35.990327 | X14: =(((A14*-1)+H14)/(C14/100)) -> 59.818832 | Y14: =(((A14-I14)*-1)/(C14/100)) -> 33.632804 | Z14: =(((A14*-1)+J14)/(C14/100)) -> 62.176356 | AA14: =(((A14-L14)*-1)/(C14/100)) -> 33.632804 | AB14: =(((A14*-1)+M14)/(C14/100)) -> 62.176356 | AC14: =(O14/(C14/100)) -> 6.2818539 | AD14: =((C14-P14)/(C14/100)) -> 88.822457 | AE14: =(((A14*-1)+Q14)/(C14/100)) -> 46.887627 | AH14: 12 | AI14: 27.480998 | AJ14: =_xll.SRS1Splines.Functions25.Linear_Interp($E$3:$E$67,$W$3:$W$67,AI14) -> 31.181133 | AK14: =_xll.SRS1Splines.Functions25.Linear_Interp($E$3:$E$67,$X$3:$X$67,AI14) -> 49.578462 | AL14: =_xll.SRS1Splines.Functions25.Linear_Interp($E$3:$E$67,$Y$3:$Y$67,AI14) -> 29.230443 | AM14: =_xll.SRS1Splines.Functions25.Linear_Interp($E$3:$E$67,$Z$3:$Z$67,AI14) -> 51.529152 | AN14: =_xll.SRS1Splines.Functions25.Linear_Interp($E$3:$E$67,$AA$3:$AA$67,AI14) -> 29.230443 | AO14: =_xll.SRS1Splines.Functions25.Linear_Interp($E$3:$E$67,$AB$3:$AB$67,AI14) -> 51.529152 | AP14: =_xll.SRS1Splines.Functions25.Linear_Interp($E$3:$E$67,$AC$3:$AC$67,AI14) -> 5.1240542 | AQ14: =_xll.SRS1Splines.Functions25.Linear_Interp($E$3:$E$67,$AD$3:$AD$67,AI14) -> 91.626795 | AR14: =_xll.SRS1Splines.Functions25.Linear_Interp($E$3:$E$67,$AE$3:$AE$67,AI14) -> 87.024545 | AU14: =E14 -> 15.592336 | AV14: =AU14-0.11 -> 15.482336 | AW14: =AU14+0.11 -> 15.702336 | AX14: 0.08027647 | AY14: 0.48156057 | AZ14: =(W14/100)*(C14/1000) -> 2.5952466 | BA14: =(X14/100)*(C14/1000) -> 4.3135096 | BB14: =((AY14*(C14/1000))-AZ14)*-1 -> -0.87726537 | BC14: =BA14-(AY14*(C14/1000)) -> 0.84099759 | BD14: =AX14 -> 0.08027647 | BE14: 10 | BF14: 5.3513681 | BG14: =BF14/2 -> 2.675684 | BH14: =(BG14*0.85)+BD14 -> 2.3546079 | BI14: 13.88473 | BJ14: =TAN(RADIANS(BI14))*BG14 -> 0.66140815 | BK14: =SIN(RADIANS(BI14))*BG14 -> 0.64208212 | BL14: =0.02*BF14 -> 0.10702736 | BM14: =BB14-BJ14+BL14 -> -1.4316462 | BN14: =BC14-BJ14-BL14 -> 0.072562073 | BO14: =BB14-BK14 -> -1.5193475 | BP14: =BC14-BK14 -> 0.19891547 | BQ14: 12 | BR14: 15.592336 | BS14: -1.4 | BT14: =BN14 -> 0.072562073 | BU14: =BH14 -> 2.3546079 | BV14: 10 | BW14: =AV14 -> 15.482336 | BX14: =AW14 -> 15.702336 | BY14: 0 | BZ14: =BR14/10 -> 1.5592336 | CA14: 0 | CB14: 0 | CC14: 0 | CD14: 0 | CF14: 12 | CG14: =(AY14*(C14/1000))*-1 -> -3.472512 | CH14: =CG14+(C14/1000) -> 3.7384438 | CI14: =CG14-BJ14 -> -4.1339201 | CJ14: =CH14-BJ14 -> 3.0770357 | CK14: =0.75*CG14 -> -2.604384 | CL14: =0.75*CH14 -> 2.8038329 | CN14: =AU14-0.5 -> 15.092336 | CO14: =AU14+0.5 -> 16.092336
A15: -3447.5964 | B15: 4187.8526 | C15: =(A15*-1)+B15 -> 7635.4489 | D15: 0.14893617 | E15: =D15*122.1399685 -> 18.191059 | F15: 2 | G15: -773.68968 | H15: 919.43984 | I15: -943.68968 | J15: 1089.4398 | K15: 2033.1295 | L15: -943.68968 | M15: 1089.4398 | N15: 2033.1295 | O15: 458.85639 | P15: 782.04786 | Q15: 0 | R15: 0 | S15: 0 | T15: 0 | U15: 0 | W15: =(((A15-G15)*-1)/(C15/100)) -> 35.01964 | X15: =(((A15*-1)+H15)/(C15/100)) -> 57.19423 | Y15: =(((A15-I15)*-1)/(C15/100)) -> 32.793183 | Z15: =(((A15*-1)+J15)/(C15/100)) -> 59.420687 | AA15: =(((A15-L15)*-1)/(C15/100)) -> 32.793183 | AB15: =(((A15*-1)+M15)/(C15/100)) -> 59.420687 | AC15: =(O15/(C15/100)) -> 6.0095535 | AD15: =((C15-P15)/(C15/100)) -> 89.75767 | AE15: =(((A15*-1)+Q15)/(C15/100)) -> 45.152504 | AH15: 13 | AI15: 29.923345 | AJ15: =_xll.SRS1Splines.Functions25.Linear_Interp($E$3:$E$67,$W$3:$W$67,AI15) -> 30.398331 | AK15: =_xll.SRS1Splines.Functions25.Linear_Interp($E$3:$E$67,$X$3:$X$67,AI15) -> 48.432496 | AL15: =_xll.SRS1Splines.Functions25.Linear_Interp($E$3:$E$67,$Y$3:$Y$67,AI15) -> 28.457557 | AM15: =_xll.SRS1Splines.Functions25.Linear_Interp($E$3:$E$67,$Z$3:$Z$67,AI15) -> 50.37327 | AN15: =_xll.SRS1Splines.Functions25.Linear_Interp($E$3:$E$67,$AA$3:$AA$67,AI15) -> 28.457557 | AO15: =_xll.SRS1Splines.Functions25.Linear_Interp($E$3:$E$67,$AB$3:$AB$67,AI15) -> 50.37327 | AP15: =_xll.SRS1Splines.Functions25.Linear_Interp($E$3:$E$67,$AC$3:$AC$67,AI15) -> 5.0477447 | AQ15: =_xll.SRS1Splines.Functions25.Linear_Interp($E$3:$E$67,$AD$3:$AD$67,AI15) -> 91.813123 | AR15: =_xll.SRS1Splines.Functions25.Linear_Interp($E$3:$E$67,$AE$3:$AE$67,AI15) -> 87.044813 | AU15: =E15 -> 18.191059 | AV15: =AU15-0.11 -> 18.081059 | AW15: =AU15+0.11 -> 18.301059 | AX15: 0.099188642 | AY15: 0.46550362 | AZ15: =(W15/100)*(C15/1000) -> 2.6739067 | BA15: =(X15/100)*(C15/1000) -> 4.3670362 | BB15: =((AY15*(C15/1000))-AZ15)*-1 -> -0.8804224 | BC15: =BA15-(AY15*(C15/1000)) -> 0.81270712 | BD15: =AX15 -> 0.099188642 | BE15: 10 | BF15: 5.0564216 | BG15: =BF15/2 -> 2.5282108 | BH15: =(BG15*0.85)+BD15 -> 2.2481678 | BI15: 13.15914 | BJ15: =TAN(RADIANS(BI15))*BG15 -> 0.59108465 | BK15: =SIN(RADIANS(BI15))*BG15 -> 0.57556365 | BL15: =0.02*BF15 -> 0.10112843 | BM15: =BB15-BJ15+BL15 -> -1.3703786 | BN15: =BC15-BJ15-BL15 -> 0.12049404 | BO15: =BB15-BK15 -> -1.4559861 | BP15: =BC15-BK15 -> 0.23714347 | BQ15: 13 | BR15: 18.191059 | BS15: -1.35 | BT15: =BN15 -> 0.12049404 | BU15: =BH15 -> 2.2481678 | BV15: 10 | BW15: =AV15 -> 18.081059 | BX15: =AW15 -> 18.301059 | BY15: 0 | BZ15: =BR15/10 -> 1.8191059 | CA15: 0 | CB15: 0 | CC15: 0 | CD15: 0 | CF15: 13 | CG15: =(AY15*(C15/1000))*-1 -> -3.5543291 | CH15: =CG15+(C15/1000) -> 4.0811198 | CI15: =CG15-BJ15 -> -4.1454138 | CJ15: =CH15-BJ15 -> 3.4900352 | CK15: =0.75*CG15 -> -2.6657468 | CL15: =0.75*CH15 -> 3.0608399 | CN15: =AU15-0.5 -> 17.691059 | CO15: =AU15+0.5 -> 18.691059
A16: -3485.8056 | B16: 4435.4738 | C16: =(A16*-1)+B16 -> 7921.2794 | D16: 0.163 | E16: =D16*122.1399685 -> 19.908815 | F16: 2 | G16: -765.68514 | H16: 910.83119 | I16: -935.68514 | J16: 1080.8312 | K16: 2016.5163 | L16: -935.68514 | M16: 1080.8312 | N16: 2016.5163 | O16: 463.59965 | P16: 765.35035 | Q16: 0 | R16: 0 | S16: 0 | T16: 0 | U16: 0 | W16: =(((A16-G16)*-1)/(C16/100)) -> 34.339408 | X16: =(((A16*-1)+H16)/(C16/100)) -> 55.504124 | Y16: =(((A16-I16)*-1)/(C16/100)) -> 32.19329 | Z16: =(((A16*-1)+J16)/(C16/100)) -> 57.650242 | AA16: =(((A16-L16)*-1)/(C16/100)) -> 32.19329 | AB16: =(((A16*-1)+M16)/(C16/100)) -> 57.650242 | AC16: =(O16/(C16/100)) -> 5.8525855 | AD16: =((C16-P16)/(C16/100)) -> 90.338046 | AE16: =(((A16*-1)+Q16)/(C16/100)) -> 44.005588 | AH16: 14 | AI16: 32.365692 | AJ16: =_xll.SRS1Splines.Functions25.Linear_Interp($E$3:$E$67,$W$3:$W$67,AI16) -> 29.653043 | AK16: =_xll.SRS1Splines.Functions25.Linear_Interp($E$3:$E$67,$X$3:$X$67,AI16) -> 47.389614 | AL16: =_xll.SRS1Splines.Functions25.Linear_Interp($E$3:$E$67,$Y$3:$Y$67,AI16) -> 27.715293 | AM16: =_xll.SRS1Splines.Functions25.Linear_Interp($E$3:$E$67,$Z$3:$Z$67,AI16) -> 49.327365 | AN16: =_xll.SRS1Splines.Functions25.Linear_Interp($E$3:$E$67,$AA$3:$AA$67,AI16) -> 27.715293 | AO16: =_xll.SRS1Splines.Functions25.Linear_Interp($E$3:$E$67,$AB$3:$AB$67,AI16) -> 49.327365 | AP16: =_xll.SRS1Splines.Functions25.Linear_Interp($E$3:$E$67,$AC$3:$AC$67,AI16) -> 4.9300085 | AQ16: =_xll.SRS1Splines.Functions25.Linear_Interp($E$3:$E$67,$AD$3:$AD$67,AI16) -> 91.909926 | AR16: =_xll.SRS1Splines.Functions25.Linear_Interp($E$3:$E$67,$AE$3:$AE$67,AI16) -> 87.005488 | AU16: =E16 -> 19.908815 | AV16: =AU16-0.11 -> 19.798815 | AW16: =AU16+0.11 -> 20.018815 | AX16: 0.11263024 | AY16: 0.45011353 | AZ16: =(W16/100)*(C16/1000) -> 2.7201204 | BA16: =(X16/100)*(C16/1000) -> 4.3966368 | BB16: =((AY16*(C16/1000))-AZ16)*-1 -> -0.84535458 | BC16: =BA16-(AY16*(C16/1000)) -> 0.83116174 | BD16: =AX16 -> 0.11263024 | BE16: 10 | BF16: 4.8386992 | BG16: =BF16/2 -> 2.4193496 | BH16: =(BG16*0.85)+BD16 -> 2.1690774 | BI16: 12.54017 | BJ16: =TAN(RADIANS(BI16))*BG16 -> 0.53813672 | BK16: =SIN(RADIANS(BI16))*BG16 -> 0.52529894 | BL16: =0.02*BF16 -> 0.096773983 | BM16: =BB16-BJ16+BL16 -> -1.2867173 | BN16: =BC16-BJ16-BL16 -> 0.19625104 | BO16: =BB16-BK16 -> -1.3706535 | BP16: =BC16-BK16 -> 0.3058628 | BQ16: 14 | BR16: 19.908815 | BS16: =BM16 -> -1.2867173 | BT16: =BN16 -> 0.19625104 | BU16: =BH16 -> 2.1690774 | BV16: 10 | BW16: =AV16 -> 19.798815 | BX16: =AW16 -> 20.018815 | BY16: 0 | BZ16: =BR16/10 -> 1.9908815 | CA16: 0 | CB16: 0 | CC16: 0 | CD16: 0 | CF16: 14 | CG16: =(AY16*(C16/1000))*-1 -> -3.565475 | CH16: =CG16+(C16/1000) -> 4.3558044 | CI16: =CG16-BJ16 -> -4.1036117 | CJ16: =CH16-BJ16 -> 3.8176677 | CK16: =0.75*CG16 -> -2.6741063 | CL16: =0.75*CH16 -> 3.2668533 | CN16: =AU16-0.5 -> 19.408815 | CO16: =AU16+0.5 -> 20.408815
A17: -3502.5226 | B17: 4554.1539 | C17: =(A17*-1)+B17 -> 8056.6765 | D17: 0.17021277 | E17: =D17*122.1399685 -> 20.789782 | F17: 2 | G17: -761.57993 | H17: 906.41615 | I17: -931.57993 | J17: 1076.4162 | K17: 2007.9961 | L17: -931.57993 | M17: 1076.4162 | N17: 2007.9961 | O17: 468.72112 | P17: 754.09803 | Q17: 0 | R17: 0 | S17: 0 | T17: 0 | U17: 0 | W17: =(((A17-G17)*-1)/(C17/100)) -> 34.020761 | X17: =(((A17*-1)+H17)/(C17/100)) -> 54.724038 | Y17: =(((A17-I17)*-1)/(C17/100)) -> 31.910709 | Z17: =(((A17*-1)+J17)/(C17/100)) -> 56.834089 | AA17: =(((A17-L17)*-1)/(C17/100)) -> 31.910709 | AB17: =(((A17*-1)+M17)/(C17/100)) -> 56.834089 | AC17: =(O17/(C17/100)) -> 5.8177974 | AD17: =((C17-P17)/(C17/100)) -> 90.640086 | AE17: =(((A17*-1)+Q17)/(C17/100)) -> 43.473541 | AH17: 15 | AI17: 34.808038 | AJ17: =_xll.SRS1Splines.Functions25.Linear_Interp($E$3:$E$67,$W$3:$W$67,AI17) -> 29.165964 | AK17: =_xll.SRS1Splines.Functions25.Linear_Interp($E$3:$E$67,$X$3:$X$67,AI17) -> 46.693099 | AL17: =_xll.SRS1Splines.Functions25.Linear_Interp($E$3:$E$67,$Y$3:$Y$67,AI17) -> 27.221534 | AM17: =_xll.SRS1Splines.Functions25.Linear_Interp($E$3:$E$67,$Z$3:$Z$67,AI17) -> 48.637529 | AN17: =_xll.SRS1Splines.Functions25.Linear_Interp($E$3:$E$67,$AA$3:$AA$67,AI17) -> 27.221534 | AO17: =_xll.SRS1Splines.Functions25.Linear_Interp($E$3:$E$67,$AB$3:$AB$67,AI17) -> 48.637529 | AP17: =_xll.SRS1Splines.Functions25.Linear_Interp($E$3:$E$67,$AC$3:$AC$67,AI17) -> 4.9466338 | AQ17: =_xll.SRS1Splines.Functions25.Linear_Interp($E$3:$E$67,$AD$3:$AD$67,AI17) -> 92.076366 | AR17: =_xll.SRS1Splines.Functions25.Linear_Interp($E$3:$E$67,$AE$3:$AE$67,AI17) -> 87.076037 | AU17: =E17 -> 20.789782 | AV17: =AU17-0.11 -> 20.679782 | AW17: =AU17+0.11 -> 20.899782 | AX17: 0.12016623 | AY17: 0.44369266 | AZ17: =(W17/100)*(C17/1000) -> 2.7409426 | BA17: =(X17/100)*(C17/1000) -> 4.4089387 | BB17: =((AY17*(C17/1000))-AZ17)*-1 -> -0.8337456 | BC17: =BA17-(AY17*(C17/1000)) -> 0.83425049 | BD17: =AX17 -> 0.12016623 | BE17: 10 | BF17: 4.7266834 | BG17: =BF17/2 -> 2.3633417 | BH17: =(BG17*0.85)+BD17 -> 2.1290067 | BI17: 12.15495 | BJ17: =TAN(RADIANS(BI17))*BG17 -> 0.5090278 | BK17: =SIN(RADIANS(BI17))*BG17 -> 0.49761628 | BL17: =0.02*BF17 -> 0.094533667 | BM17: =BB17-BJ17+BL17 -> -1.2482397 | BN17: =BC17-BJ17-BL17 -> 0.23068903 | BO17: =BB17-BK17 -> -1.3313619 | BP17: =BC17-BK17 -> 0.33663421 | BQ17: 15 | BR17: 20.789782 | BS17: =BM17 -> -1.2482397 | BT17: =BN17 -> 0.23068903 | BU17: =BH17 -> 2.1290067 | BV17: 10 | BW17: =AV17 -> 20.679782 | BX17: =AW17 -> 20.899782 | BY17: 0 | BZ17: =BR17/10 -> 2.0789782 | CA17: 0 | CB17: 0 | CC17: 0 | CD17: 0 | CF17: 15 | CG17: =(AY17*(C17/1000))*-1 -> -3.5746882 | CH17: =CG17+(C17/1000) -> 4.4819883 | CI17: =CG17-BJ17 -> -4.083716 | CJ17: =CH17-BJ17 -> 3.9729605 | CK17: =0.75*CG17 -> -2.6810162 | CL17: =0.75*CH17 -> 3.3614912 | CN17: =AU17-0.5 -> 20.289782 | CO17: =AU17+0.5 -> 21.289782
A18: -3527.717 | B18: 4890.8354 | C18: =(A18*-1)+B18 -> 8418.5523 | D18: 0.19148936 | E18: =D18*122.1399685 -> 23.388505 | F18: 2 | G18: -749.47019 | H18: 893.39247 | I18: -919.47019 | J18: 1063.3925 | K18: 1982.8627 | L18: -919.47019 | M18: 1063.3925 | N18: 1982.8627 | O18: 473.45041 | P18: 731.28363 | Q18: 0 | R18: 0 | S18: 0 | T18: 0 | U18: 0 | W18: =(((A18-G18)*-1)/(C18/100)) -> 33.001479 | X18: =(((A18*-1)+H18)/(C18/100)) -> 52.516267 | Y18: =(((A18-I18)*-1)/(C18/100)) -> 30.982129 | Z18: =(((A18*-1)+J18)/(C18/100)) -> 54.535617 | AA18: =(((A18-L18)*-1)/(C18/100)) -> 30.982129 | AB18: =(((A18*-1)+M18)/(C18/100)) -> 54.535617 | AC18: =(O18/(C18/100)) -> 5.6238935 | AD18: =((C18-P18)/(C18/100)) -> 91.313428 | AE18: =(((A18*-1)+Q18)/(C18/100)) -> 41.904081 | AH18: 16 | AI18: 37.251799 | AJ18: =_xll.SRS1Splines.Functions25.Linear_Interp($E$3:$E$67,$W$3:$W$67,AI18) -> 28.696752 | AK18: =_xll.SRS1Splines.Functions25.Linear_Interp($E$3:$E$67,$X$3:$X$67,AI18) -> 46.069888 | AL18: =_xll.SRS1Splines.Functions25.Linear_Interp($E$3:$E$67,$Y$3:$Y$67,AI18) -> 26.739192 | AM18: =_xll.SRS1Splines.Functions25.Linear_Interp($E$3:$E$67,$Z$3:$Z$67,AI18) -> 48.027449 | AN18: =_xll.SRS1Splines.Functions25.Linear_Interp($E$3:$E$67,$AA$3:$AA$67,AI18) -> 26.739192 | AO18: =_xll.SRS1Splines.Functions25.Linear_Interp($E$3:$E$67,$AB$3:$AB$67,AI18) -> 48.027449 | AP18: =_xll.SRS1Splines.Functions25.Linear_Interp($E$3:$E$67,$AC$3:$AC$67,AI18) -> 4.9087547 | AQ18: =_xll.SRS1Splines.Functions25.Linear_Interp($E$3:$E$67,$AD$3:$AD$67,AI18) -> 92.147554 | AR18: =_xll.SRS1Splines.Functions25.Linear_Interp($E$3:$E$67,$AE$3:$AE$67,AI18) -> 87.076633 | AU18: =E18 -> 23.388505 | AV18: =AU18-0.11 -> 23.278505 | AW18: =AU18+0.11 -> 23.498505 | AX18: 0.14375117 | AY18: 0.42951151 | AZ18: =(W18/100)*(C18/1000) -> 2.7782468 | BA18: =(X18/100)*(C18/1000) -> 4.4211094 | BB18: =((AY18*(C18/1000))-AZ18)*-1 -> -0.83761837 | BC18: =BA18-(AY18*(C18/1000)) -> 0.80524428 | BD18: =AX18 -> 0.14375117 | BE18: 10 | BF18: 4.3926811 | BG18: =BF18/2 -> 2.1963405 | BH18: =(BG18*0.85)+BD18 -> 2.0106406 | BI18: 10.974158 | BJ18: =TAN(RADIANS(BI18))*BG18 -> 0.4258974 | BK18: =SIN(RADIANS(BI18))*BG18 -> 0.41810907 | BL18: =0.02*BF18 -> 0.087853621 | BM18: =BB18-BJ18+BL18 -> -1.1756621 | BN18: =BC18-BJ18-BL18 -> 0.29149326 | BO18: =BB18-BK18 -> -1.2557274 | BP18: =BC18-BK18 -> 0.38713521 | BQ18: 16 | BR18: 23.388505 | BS18: =BM18 -> -1.1756621 | BT18: =BN18 -> 0.29149326 | BU18: =BH18 -> 2.0106406 | BV18: 10 | BW18: =AV18 -> 23.278505 | BX18: =AW18 -> 23.498505 | BY18: 0 | BZ18: =BR18/10 -> 2.3388505 | CA18: 0 | CB18: 0 | CC18: 0 | CD18: 0 | CF18: 16 | CG18: =(AY18*(C18/1000))*-1 -> -3.6158651 | CH18: =CG18+(C18/1000) -> 4.8026872 | CI18: =CG18-BJ18 -> -4.0417625 | CJ18: =CH18-BJ18 -> 4.3767898 | CK18: =0.75*CG18 -> -2.7118989 | CL18: =0.75*CH18 -> 3.6020154 | CN18: =AU18-0.5 -> 22.888505 | CO18: =AU18+0.5 -> 23.888505
A19: -3489.8353 | B19: 5162.3728 | C19: =(A19*-1)+B19 -> 8652.2081 | D19: 0.21276596 | E19: =D19*122.1399685 -> 25.987227 | F19: 2 | G19: -737.36044 | H19: 880.36878 | I19: -907.36044 | J19: 1050.3688 | K19: 1957.7292 | L19: -907.36044 | M19: 1050.3688 | N19: 1957.7292 | O19: 456.49101 | P19: 730.15792 | Q19: 0 | R19: 0 | S19: 0 | T19: 0 | U19: 0 | W19: =(((A19-G19)*-1)/(C19/100)) -> 31.812398 | X19: =(((A19*-1)+H19)/(C19/100)) -> 50.509697 | Y19: =(((A19-I19)*-1)/(C19/100)) -> 29.847582 | Z19: =(((A19*-1)+J19)/(C19/100)) -> 52.474513 | AA19: =(((A19-L19)*-1)/(C19/100)) -> 29.847582 | AB19: =(((A19*-1)+M19)/(C19/100)) -> 52.474513 | AC19: =(O19/(C19/100)) -> 5.2760059 | AD19: =((C19-P19)/(C19/100)) -> 91.561022 | AE19: =(((A19*-1)+Q19)/(C19/100)) -> 40.334621 | AH19: 17 | AI19: 39.694146 | AJ19: =_xll.SRS1Splines.Functions25.Linear_Interp($E$3:$E$67,$W$3:$W$67,AI19) -> 28.228936 | AK19: =_xll.SRS1Splines.Functions25.Linear_Interp($E$3:$E$67,$X$3:$X$67,AI19) -> 45.493561 | AL19: =_xll.SRS1Splines.Functions25.Linear_Interp($E$3:$E$67,$Y$3:$Y$67,AI19) -> 26.252704 | AM19: =_xll.SRS1Splines.Functions25.Linear_Interp($E$3:$E$67,$Z$3:$Z$67,AI19) -> 47.469793 | AN19: =_xll.SRS1Splines.Functions25.Linear_Interp($E$3:$E$67,$AA$3:$AA$67,AI19) -> 26.252704 | AO19: =_xll.SRS1Splines.Functions25.Linear_Interp($E$3:$E$67,$AB$3:$AB$67,AI19) -> 47.469793 | AP19: =_xll.SRS1Splines.Functions25.Linear_Interp($E$3:$E$67,$AC$3:$AC$67,AI19) -> 4.8099706 | AQ19: =_xll.SRS1Splines.Functions25.Linear_Interp($E$3:$E$67,$AD$3:$AD$67,AI19) -> 92.12437 | AR19: =_xll.SRS1Splines.Functions25.Linear_Interp($E$3:$E$67,$AE$3:$AE$67,AI19) -> 87.003613 | AU19: =E19 -> 25.987227 | AV19: =AU19-0.11 -> 25.877227 | AW19: =AU19+0.11 -> 26.097227 | AX19: 0.16941794 | AY19: 0.41853868 | AZ19: =(W19/100)*(C19/1000) -> 2.7524749 | BA19: =(X19/100)*(C19/1000) -> 4.3702041 | BB19: =((AY19*(C19/1000))-AZ19)*-1 -> -0.8688089 | BC19: =BA19-(AY19*(C19/1000)) -> 0.74892032 | BD19: =AX19 -> 0.16941794 | BE19: 10 | BF19: 4.0637417 | BG19: =BF19/2 -> 2.0318709 | BH19: =(BG19*0.85)+BD19 -> 1.8965082 | BI19: 9.8259711 | BJ19: =TAN(RADIANS(BI19))*BG19 -> 0.3519136 | BK19: =SIN(RADIANS(BI19))*BG19 -> 0.34675126 | BL19: =0.02*BF19 -> 0.081274835 | BM19: =BB19-BJ19+BL19 -> -1.1394477 | BN19: =BC19-BJ19-BL19 -> 0.31573188 | BO19: =BB19-BK19 -> -1.2155602 | BP19: =BC19-BK19 -> 0.40216906 | BQ19: 17 | BR19: 25.987227 | BS19: =BM19 -> -1.1394477 | BT19: =BN19 -> 0.31573188 | BU19: =BH19 -> 1.8965082 | BV19: 10 | BW19: =AV19 -> 25.877227 | BX19: =AW19 -> 26.097227 | BY19: 0 | BZ19: =BR19/10 -> 2.5987227 | CA19: 0 | CB19: 0 | CC19: 0 | CD19: 0 | CF19: 17 | CG19: =(AY19*(C19/1000))*-1 -> -3.6212838 | CH19: =CG19+(C19/1000) -> 5.0309244 | CI19: =CG19-BJ19 -> -3.9731974 | CJ19: =CH19-BJ19 -> 4.6790108 | CK19: =0.75*CG19 -> -2.7159628 | CL19: =0.75*CH19 -> 3.7731933 | CN19: =AU19-0.5 -> 25.487227 | CO19: =AU19+0.5 -> 26.487227
A20: -3462.2594 | B20: 5236.6654 | C20: =(A20*-1)+B20 -> 8698.9248 | D20: 0.22 | E20: =D20*122.1399685 -> 26.870793 | F20: 2 | G20: -733.24313 | H20: 875.94072 | I20: -903.24313 | J20: 1045.9407 | K20: 1949.1838 | L20: -903.24313 | M20: 1045.9407 | N20: 1949.1838 | O20: 445.95647 | P20: 734.54353 | Q20: 4105.8052 | R20: 0 | S20: 0 | T20: 0 | U20: 0 | W20: =(((A20-G20)*-1)/(C20/100)) -> 31.37188 | X20: =(((A20*-1)+H20)/(C20/100)) -> 49.870533 | Y20: =(((A20-I20)*-1)/(C20/100)) -> 29.417616 | Z20: =(((A20*-1)+J20)/(C20/100)) -> 51.824797 | AA20: =(((A20-L20)*-1)/(C20/100)) -> 29.417616 | AB20: =(((A20*-1)+M20)/(C20/100)) -> 51.824797 | AC20: =(O20/(C20/100)) -> 5.12657 | AD20: =((C20-P20)/(C20/100)) -> 91.555927 | AE20: =(((A20*-1)+Q20)/(C20/100)) -> 87 | AH20: 18 | AI20: 42.136493 | AJ20: =_xll.SRS1Splines.Functions25.Linear_Interp($E$3:$E$67,$W$3:$W$67,AI20) -> 27.954498 | AK20: =_xll.SRS1Splines.Functions25.Linear_Interp($E$3:$E$67,$X$3:$X$67,AI20) -> 45.16992 | AL20: =_xll.SRS1Splines.Functions25.Linear_Interp($E$3:$E$67,$Y$3:$Y$67,AI20) -> 25.951986 | AM20: =_xll.SRS1Splines.Functions25.Linear_Interp($E$3:$E$67,$Z$3:$Z$67,AI20) -> 47.172433 | AN20: =_xll.SRS1Splines.Functions25.Linear_Interp($E$3:$E$67,$AA$3:$AA$67,AI20) -> 25.951986 | AO20: =_xll.SRS1Splines.Functions25.Linear_Interp($E$3:$E$67,$AB$3:$AB$67,AI20) -> 47.172433 | AP20: =_xll.SRS1Splines.Functions25.Linear_Interp($E$3:$E$67,$AC$3:$AC$67,AI20) -> 4.8278441 | AQ20: =_xll.SRS1Splines.Functions25.Linear_Interp($E$3:$E$67,$AD$3:$AD$67,AI20) -> 92.174156 | AR20: =_xll.SRS1Splines.Functions25.Linear_Interp($E$3:$E$67,$AE$3:$AE$67,AI20) -> 87.030623 | AU20: =E20 -> 26.870793 | AV20: =AU20-0.11 -> 26.760793 | AW20: =AU20+0.11 -> 26.980793 | AX20: 0.17872845 | AY20: 0.41441999 | AZ20: =(W20/100)*(C20/1000) -> 2.7290163 | BA20: =(X20/100)*(C20/1000) -> 4.3382001 | BB20: =((AY20*(C20/1000))-AZ20)*-1 -> -0.87599202 | BC20: =BA20-(AY20*(C20/1000)) -> 0.73319182 | BD20: =AX20 -> 0.17872845 | BE20: 10 | BF20: 3.9565373 | BG20: =BF20/2 -> 1.9782687 | BH20: =(BG20*0.85)+BD20 -> 1.8602568 | BI20: 9.4721427 | BJ20: =TAN(RADIANS(BI20))*BG20 -> 0.33005995 | BK20: =SIN(RADIANS(BI20))*BG20 -> 0.32555982 | BL20: =0.02*BF20 -> 0.079130746 | BM20: =BB20-BJ20+BL20 -> -1.1269212 | BN20: =BC20-BJ20-BL20 -> 0.32400113 | BO20: =BB20-BK20 -> -1.2015518 | BP20: =BC20-BK20 -> 0.407632 | BQ20: 18 | BR20: 26.870793 | BS20: =BM20 -> -1.1269212 | BT20: =BN20 -> 0.32400113 | BU20: =BH20 -> 1.8602568 | BV20: 10 | BW20: =AV20 -> 26.760793 | BX20: =AW20 -> 26.980793 | BY20: 0 | BZ20: =BR20/10 -> 2.6870793 | CA20: 0 | CB20: 0 | CC20: 0 | CD20: 0 | CF20: 18 | CG20: =(AY20*(C20/1000))*-1 -> -3.6050083 | CH20: =CG20+(C20/1000) -> 5.0939165 | CI20: =CG20-BJ20 -> -3.9350683 | CJ20: =CH20-BJ20 -> 4.7638565 | CK20: =0.75*CG20 -> -2.7037562 | CL20: =0.75*CH20 -> 3.8204374 | CN20: =AU20-0.5 -> 26.370793 | CO20: =AU20+0.5 -> 27.370793
A21: -3421.4872 | B21: 5322.384 | C21: =(A21*-1)+B21 -> 8743.8712 | D21: 0.23404255 | E21: =D21*122.1399685 -> 28.58595 | F21: 2 | G21: -725.25069 | H21: 867.34509 | I21: -895.25069 | J21: 1037.3451 | K21: 1932.5958 | L21: -895.25069 | M21: 1037.3451 | N21: 1932.5958 | O21: 447.64235 | P21: 720.92148 | Q21: 4191.7132 | R21: 0 | S21: 0 | T21: 0 | U21: 0 | W21: =(((A21-G21)*-1)/(C21/100)) -> 30.83573 | X21: =(((A21*-1)+H21)/(C21/100)) -> 49.049582 | Y21: =(((A21-I21)*-1)/(C21/100)) -> 28.891511 | Z21: =(((A21*-1)+J21)/(C21/100)) -> 50.993801 | AA21: =(((A21-L21)*-1)/(C21/100)) -> 28.891511 | AB21: =(((A21*-1)+M21)/(C21/100)) -> 50.993801 | AC21: =(O21/(C21/100)) -> 5.1194984 | AD21: =((C21-P21)/(C21/100)) -> 91.755122 | AE21: =(((A21*-1)+Q21)/(C21/100)) -> 87.068991 | AH21: 19 | AI21: 44.580254 | AJ21: =_xll.SRS1Splines.Functions25.Linear_Interp($E$3:$E$67,$W$3:$W$67,AI21) -> 27.667132 | AK21: =_xll.SRS1Splines.Functions25.Linear_Interp($E$3:$E$67,$X$3:$X$67,AI21) -> 44.861935 | AL21: =_xll.SRS1Splines.Functions25.Linear_Interp($E$3:$E$67,$Y$3:$Y$67,AI21) -> 25.634219 | AM21: =_xll.SRS1Splines.Functions25.Linear_Interp($E$3:$E$67,$Z$3:$Z$67,AI21) -> 46.894848 | AN21: =_xll.SRS1Splines.Functions25.Linear_Interp($E$3:$E$67,$AA$3:$AA$67,AI21) -> 25.634219 | AO21: =_xll.SRS1Splines.Functions25.Linear_Interp($E$3:$E$67,$AB$3:$AB$67,AI21) -> 46.894848 | AP21: =_xll.SRS1Splines.Functions25.Linear_Interp($E$3:$E$67,$AC$3:$AC$67,AI21) -> 4.8043914 | AQ21: =_xll.SRS1Splines.Functions25.Linear_Interp($E$3:$E$67,$AD$3:$AD$67,AI21) -> 92.1615 | AR21: =_xll.SRS1Splines.Functions25.Linear_Interp($E$3:$E$67,$AE$3:$AE$67,AI21) -> 87.008227 | AU21: =E21 -> 28.58595 | AV21: =AU21-0.11 -> 28.47595 | AW21: =AU21+0.11 -> 28.69595 | AX21: 0.1979625 | AY21: 0.40663134 | AZ21: =(W21/100)*(C21/1000) -> 2.6962365 | BA21: =(X21/100)*(C21/1000) -> 4.2888323 | BB21: =((AY21*(C21/1000))-AZ21)*-1 -> -0.85929555 | BC21: =BA21-(AY21*(C21/1000)) -> 0.73330023 | BD21: =AX21 -> 0.1979625 | BE21: 10 | BF21: 3.7634529 | BG21: =BF21/2 -> 1.8817264 | BH21: =(BG21*0.85)+BD21 -> 1.79743 | BI21: 8.8957217 | BJ21: =TAN(RADIANS(BI21))*BG21 -> 0.29452654 | BK21: =SIN(RADIANS(BI21))*BG21 -> 0.29098381 | BL21: =0.02*BF21 -> 0.075269058 | BM21: =BB21-BJ21+BL21 -> -1.078553 | BN21: =BC21-BJ21-BL21 -> 0.36350463 | BO21: =BB21-BK21 -> -1.1502794 | BP21: =BC21-BK21 -> 0.44231643 | BQ21: 19 | BR21: 28.58595 | BS21: =BM21 -> -1.078553 | BT21: =BN21 -> 0.36350463 | BU21: =BH21 -> 1.79743 | BV21: 10 | BW21: =AV21 -> 28.47595 | BX21: =AW21 -> 28.69595 | BY21: 0 | BZ21: =BR21/10 -> 2.858595 | CA21: 0 | CB21: 0 | CC21: 0 | CD21: 0 | CF21: 19 | CG21: =(AY21*(C21/1000))*-1 -> -3.5555321 | CH21: =CG21+(C21/1000) -> 5.1883391 | CI21: =CG21-BJ21 -> -3.8500586 | CJ21: =CH21-BJ21 -> 4.8938126 | CK21: =0.75*CG21 -> -2.666649 | CL21: =0.75*CH21 -> 3.8912543 | CN21: =AU21-0.5 -> 28.08595 | CO21: =AU21+0.5 -> 29.08595
A22: -3344.1192 | B22: 5429.9585 | C22: =(A22*-1)+B22 -> 8774.0777 | D22: 0.25531915 | E22: =D22*122.1399685 -> 31.184673 | F22: 2 | G22: -713.14095 | H22: 854.3214 | I22: -883.14095 | J22: 1024.3214 | K22: 1907.4623 | L22: -883.14095 | M22: 1024.3214 | N22: 1907.4623 | O22: 436.95539 | P22: 713.52333 | Q22: 4291.2596 | R22: 0 | S22: 0 | T22: 0 | U22: 0 | W22: =(((A22-G22)*-1)/(C22/100)) -> 29.98581 | X22: =(((A22*-1)+H22)/(C22/100)) -> 47.850507 | Y22: =(((A22-I22)*-1)/(C22/100)) -> 28.048285 | Z22: =(((A22*-1)+J22)/(C22/100)) -> 49.788032 | AA22: =(((A22-L22)*-1)/(C22/100)) -> 28.048285 | AB22: =(((A22*-1)+M22)/(C22/100)) -> 49.788032 | AC22: =(O22/(C22/100)) -> 4.9800721 | AD22: =((C22-P22)/(C22/100)) -> 91.867825 | AE22: =(((A22*-1)+Q22)/(C22/100)) -> 87.022011 | AH22: 20 | AI22: 47.022601 | AJ22: =_xll.SRS1Splines.Functions25.Linear_Interp($E$3:$E$67,$W$3:$W$67,AI22) -> 27.529484 | AK22: =_xll.SRS1Splines.Functions25.Linear_Interp($E$3:$E$67,$X$3:$X$67,AI22) -> 44.745794 | AL22: =_xll.SRS1Splines.Functions25.Linear_Interp($E$3:$E$67,$Y$3:$Y$67,AI22) -> 25.459984 | AM22: =_xll.SRS1Splines.Functions25.Linear_Interp($E$3:$E$67,$Z$3:$Z$67,AI22) -> 46.815294 | AN22: =_xll.SRS1Splines.Functions25.Linear_Interp($E$3:$E$67,$AA$3:$AA$67,AI22) -> 25.459984 | AO22: =_xll.SRS1Splines.Functions25.Linear_Interp($E$3:$E$67,$AB$3:$AB$67,AI22) -> 46.815294 | AP22: =_xll.SRS1Splines.Functions25.Linear_Interp($E$3:$E$67,$AC$3:$AC$67,AI22) -> 4.8984009 | AQ22: =_xll.SRS1Splines.Functions25.Linear_Interp($E$3:$E$67,$AD$3:$AD$67,AI22) -> 92.235173 | AR22: =_xll.SRS1Splines.Functions25.Linear_Interp($E$3:$E$67,$AE$3:$AE$67,AI22) -> 87.091372 | AU22: =E22 -> 31.184673 | AV22: =AU22-0.11 -> 31.074673 | AW22: =AU22+0.11 -> 31.294673 | AX22: 0.22943686 | AY22: 0.39402439 | AZ22: =(W22/100)*(C22/1000) -> 2.6309783 | BA22: =(X22/100)*(C22/1000) -> 4.1984406 | BB22: =((AY22*(C22/1000))-AZ22)*-1 -> -0.82622234 | BC22: =BA22-(AY22*(C22/1000)) -> 0.74124 | BD22: =AX22 -> 0.22943686 | BE22: 10 | BF22: 3.5061838 | BG22: =BF22/2 -> 1.7530919 | BH22: =(BG22*0.85)+BD22 -> 1.719565 | BI22: 8.1951667 | BJ22: =TAN(RADIANS(BI22))*BG22 -> 0.25247345 | BK22: =SIN(RADIANS(BI22))*BG22 -> 0.24989525 | BL22: =0.02*BF22 -> 0.070123675 | BM22: =BB22-BJ22+BL22 -> -1.0085721 | BN22: =BC22-BJ22-BL22 -> 0.41864288 | BO22: =BB22-BK22 -> -1.0761176 | BP22: =BC22-BK22 -> 0.49134475 | BQ22: 20 | BR22: 31.184673 | BS22: =BM22 -> -1.0085721 | BT22: =BN22 -> 0.41864288 | BU22: =BH22 -> 1.719565 | BV22: 10 | BW22: =AV22 -> 31.074673 | BX22: =AW22 -> 31.294673 | BY22: 0 | BZ22: =BR22/10 -> 3.1184673 | CA22: 0 | CB22: 0 | CC22: 0 | CD22: 0 | CF22: 20 | CG22: =(AY22*(C22/1000))*-1 -> -3.4572006 | CH22: =CG22+(C22/1000) -> 5.3168771 | CI22: =CG22-BJ22 -> -3.7096741 | CJ22: =CH22-BJ22 -> 5.0644036 | CK22: =0.75*CG22 -> -2.5929005 | CL22: =0.75*CH22 -> 3.9876578 | CN22: =AU22-0.5 -> 30.684673 | CO22: =AU22+0.5 -> 31.684673
A23: -3297.4925 | B23: 5475.2274 | C23: =(A23*-1)+B23 -> 8772.7199 | D23: 0.2682 | E23: =D23*122.1399685 -> 32.75794 | F23: 2 | G23: -705.80971 | H23: 846.43686 | I23: -875.80971 | J23: 1016.4369 | K23: 1892.2466 | L23: -875.80971 | M23: 1016.4369 | N23: 1892.2466 | O23: 431.03715 | P23: 708.49285 | Q23: 4334.7738 | R23: 0 | S23: 0 | T23: 0 | U23: 0 | W23: =(((A23-G23)*-1)/(C23/100)) -> 29.542523 | X23: =(((A23*-1)+H23)/(C23/100)) -> 47.23654 | Y23: =(((A23-I23)*-1)/(C23/100)) -> 27.604697 | Z23: =(((A23*-1)+J23)/(C23/100)) -> 49.174365 | AA23: =(((A23-L23)*-1)/(C23/100)) -> 27.604697 | AB23: =(((A23*-1)+M23)/(C23/100)) -> 49.174365 | AC23: =(O23/(C23/100)) -> 4.913381 | AD23: =((C23-P23)/(C23/100)) -> 91.923909 | AE23: =(((A23*-1)+Q23)/(C23/100)) -> 87 | AH23: 21 | AI23: 49.466362 | AJ23: =_xll.SRS1Splines.Functions25.Linear_Interp($E$3:$E$67,$W$3:$W$67,AI23) -> 27.419521 | AK23: =_xll.SRS1Splines.Functions25.Linear_Interp($E$3:$E$67,$X$3:$X$67,AI23) -> 44.684192 | AL23: =_xll.SRS1Splines.Functions25.Linear_Interp($E$3:$E$67,$Y$3:$Y$67,AI23) -> 25.308975 | AM23: =_xll.SRS1Splines.Functions25.Linear_Interp($E$3:$E$67,$Z$3:$Z$67,AI23) -> 46.794738 | AN23: =_xll.SRS1Splines.Functions25.Linear_Interp($E$3:$E$67,$AA$3:$AA$67,AI23) -> 25.308975 | AO23: =_xll.SRS1Splines.Functions25.Linear_Interp($E$3:$E$67,$AB$3:$AB$67,AI23) -> 46.794738 | AP23: =_xll.SRS1Splines.Functions25.Linear_Interp($E$3:$E$67,$AC$3:$AC$67,AI23) -> 4.9880912 | AQ23: =_xll.SRS1Splines.Functions25.Linear_Interp($E$3:$E$67,$AD$3:$AD$67,AI23) -> 92.28461 | AR23: =_xll.SRS1Splines.Functions25.Linear_Interp($E$3:$E$67,$AE$3:$AE$67,AI23) -> 87.162522 | AU23: =E23 -> 32.75794 | AV23: =AU23-0.11 -> 32.64794 | AW23: =AU23+0.11 -> 32.86794 | AX23: 0.24981107 | AY23: 0.38616086 | AZ23: =(W23/100)*(C23/1000) -> 2.5916828 | BA23: =(X23/100)*(C23/1000) -> 4.1439293 | BB23: =((AY23*(C23/1000))-AZ23)*-1 -> -0.79599827 | BC23: =BA23-(AY23*(C23/1000)) -> 0.75624829 | BD23: =AX23 -> 0.24981107 | BE23: 10 | BF23: 3.3691955 | BG23: =BF23/2 -> 1.6845977 | BH23: =(BG23*0.85)+BD23 -> 1.6817191 | BI23: 7.838942 | BJ23: =TAN(RADIANS(BI23))*BG23 -> 0.23192774 | BK23: =SIN(RADIANS(BI23))*BG23 -> 0.22976046 | BL23: =0.02*BF23 -> 0.067383909 | BM23: =BB23-BJ23+BL23 -> -0.96054211 | BN23: =BC23-BJ23-BL23 -> 0.45693664 | BO23: =BB23-BK23 -> -1.0257587 | BP23: =BC23-BK23 -> 0.52648783 | BQ23: 21 | BR23: 32.75794 | BS23: =BM23 -> -0.96054211 | BT23: =BN23 -> 0.45693664 | BU23: =BH23 -> 1.6817191 | BV23: 10 | BW23: =AV23 -> 32.64794 | BX23: =AW23 -> 32.86794 | BY23: 0 | BZ23: =BR23/10 -> 3.275794 | CA23: 0 | CB23: 0 | CC23: 0 | CD23: 0 | CF23: 21 | CG23: =(AY23*(C23/1000))*-1 -> -3.387681 | CH23: =CG23+(C23/1000) -> 5.3850389 | CI23: =CG23-BJ23 -> -3.6196088 | CJ23: =CH23-BJ23 -> 5.1531111 | CK23: =0.75*CG23 -> -2.5407608 | CL23: =0.75*CH23 -> 4.0387792 | CN23: =AU23-0.5 -> 32.25794 | CO23: =AU23+0.5 -> 33.25794
A24: -3273.869 | B24: 5489.4833 | C24: =(A24*-1)+B24 -> 8763.3522 | D24: 0.27659574 | E24: =D24*122.1399685 -> 33.783396 | F24: 2 | G24: -701.0312 | H24: 841.29771 | I24: -871.0312 | J24: 1011.2977 | K24: 1882.3289 | L24: -871.0312 | M24: 1011.2977 | N24: 1882.3289 | O24: 433.60074 | P24: 698.79288 | Q24: 4355.4098 | R24: 0 | S24: 0 | T24: 0 | U24: 0 | W24: =(((A24-G24)*-1)/(C24/100)) -> 29.359059 | X24: =(((A24*-1)+H24)/(C24/100)) -> 46.958819 | Y24: =(((A24-I24)*-1)/(C24/100)) -> 27.419162 | Z24: =(((A24*-1)+J24)/(C24/100)) -> 48.898716 | AA24: =(((A24-L24)*-1)/(C24/100)) -> 27.419162 | AB24: =(((A24*-1)+M24)/(C24/100)) -> 48.898716 | AC24: =(O24/(C24/100)) -> 4.9478867 | AD24: =((C24-P24)/(C24/100)) -> 92.025964 | AE24: =(((A24*-1)+Q24)/(C24/100)) -> 87.058908 | AH24: 22 | AI24: 51.908709 | AJ24: =_xll.SRS1Splines.Functions25.Linear_Interp($E$3:$E$67,$W$3:$W$67,AI24) -> 27.298124 | AK24: =_xll.SRS1Splines.Functions25.Linear_Interp($E$3:$E$67,$X$3:$X$67,AI24) -> 44.637416 | AL24: =_xll.SRS1Splines.Functions25.Linear_Interp($E$3:$E$67,$Y$3:$Y$67,AI24) -> 25.141837 | AM24: =_xll.SRS1Splines.Functions25.Linear_Interp($E$3:$E$67,$Z$3:$Z$67,AI24) -> 46.793703 | AN24: =_xll.SRS1Splines.Functions25.Linear_Interp($E$3:$E$67,$AA$3:$AA$67,AI24) -> 25.141837 | AO24: =_xll.SRS1Splines.Functions25.Linear_Interp($E$3:$E$67,$AB$3:$AB$67,AI24) -> 46.793703 | AP24: =_xll.SRS1Splines.Functions25.Linear_Interp($E$3:$E$67,$AC$3:$AC$67,AI24) -> 4.9877283 | AQ24: =_xll.SRS1Splines.Functions25.Linear_Interp($E$3:$E$67,$AD$3:$AD$67,AI24) -> 92.224474 | AR24: =_xll.SRS1Splines.Functions25.Linear_Interp($E$3:$E$67,$AE$3:$AE$67,AI24) -> 87.136068 | AU24: =E24 -> 33.783396 | AV24: =AU24-0.11 -> 33.673396 | AW24: =AU24+0.11 -> 33.893396 | AX24: 0.26396671 | AY24: 0.38181445 | AZ24: =(W24/100)*(C24/1000) -> 2.5728378 | BA24: =(X24/100)*(C24/1000) -> 4.1151667 | BB24: =((AY24*(C24/1000))-AZ24)*-1 -> -0.77313676 | BC24: =BA24-(AY24*(C24/1000)) -> 0.76919215 | BD24: =AX24 -> 0.26396671 | BE24: 10 | BF24: 3.2889737 | BG24: =BF24/2 -> 1.6444869 | BH24: =(BG24*0.85)+BD24 -> 1.6617806 | BI24: 7.6386873 | BJ24: =TAN(RADIANS(BI24))*BG24 -> 0.22055166 | BK24: =SIN(RADIANS(BI24))*BG24 -> 0.21859449 | BL24: =0.02*BF24 -> 0.065779475 | BM24: =BB24-BJ24+BL24 -> -0.92790894 | BN24: =BC24-BJ24-BL24 -> 0.48286102 | BO24: =BB24-BK24 -> -0.99173124 | BP24: =BC24-BK24 -> 0.55059767 | BQ24: 22 | BR24: 33.783396 | BS24: =BM24 -> -0.92790894 | BT24: =BN24 -> 0.48286102 | BU24: =BH24 -> 1.6617806 | BV24: 10 | BW24: =AV24 -> 33.673396 | BX24: =AW24 -> 33.893396 | BY24: 0 | BZ24: =BR24/10 -> 3.3783396 | CA24: 0 | CB24: 0 | CC24: 0 | CD24: 0 | CF24: 22 | CG24: =(AY24*(C24/1000))*-1 -> -3.3459745 | CH24: =CG24+(C24/1000) -> 5.4173777 | CI24: =CG24-BJ24 -> -3.5665262 | CJ24: =CH24-BJ24 -> 5.196826 | CK24: =0.75*CG24 -> -2.5094809 | CL24: =0.75*CH24 -> 4.0630333 | CN24: =AU24-0.5 -> 33.283396 | CO24: =AU24+0.5 -> 34.283396
A25: -3203.9363 | B25: 5507.7836 | C25: =(A25*-1)+B25 -> 8711.7199 | D25: 0.29787234 | E25: =D25*122.1399685 -> 36.382118 | F25: 2 | G25: -688.92146 | H25: 828.27402 | I25: -858.92146 | J25: 998.27402 | K25: 1857.1955 | L25: -858.92146 | M25: 998.27402 | N25: 1857.1955 | O25: 430.7692 | P25: 683.53931 | Q25: 4384.1765 | R25: 0 | S25: 0 | T25: 0 | U25: 0 | W25: =(((A25-G25)*-1)/(C25/100)) -> 28.869326 | X25: =(((A25*-1)+H25)/(C25/100)) -> 46.284894 | Y25: =(((A25-I25)*-1)/(C25/100)) -> 26.917932 | Z25: =(((A25*-1)+J25)/(C25/100)) -> 48.236288 | AA25: =(((A25-L25)*-1)/(C25/100)) -> 26.917932 | AB25: =(((A25*-1)+M25)/(C25/100)) -> 48.236288 | AC25: =(O25/(C25/100)) -> 4.9447091 | AD25: =((C25-P25)/(C25/100)) -> 92.153796 | AE25: =(((A25*-1)+Q25)/(C25/100)) -> 87.102351 | AH25: 23 | AI25: 54.35247 | AJ25: =_xll.SRS1Splines.Functions25.Linear_Interp($E$3:$E$67,$W$3:$W$67,AI25) -> 27.16602 | AK25: =_xll.SRS1Splines.Functions25.Linear_Interp($E$3:$E$67,$X$3:$X$67,AI25) -> 44.604508 | AL25: =_xll.SRS1Splines.Functions25.Linear_Interp($E$3:$E$67,$Y$3:$Y$67,AI25) -> 24.959189 | AM25: =_xll.SRS1Splines.Functions25.Linear_Interp($E$3:$E$67,$Z$3:$Z$67,AI25) -> 46.811339 | AN25: =_xll.SRS1Splines.Functions25.Linear_Interp($E$3:$E$67,$AA$3:$AA$67,AI25) -> 24.959189 | AO25: =_xll.SRS1Splines.Functions25.Linear_Interp($E$3:$E$67,$AB$3:$AB$67,AI25) -> 46.811339 | AP25: =_xll.SRS1Splines.Functions25.Linear_Interp($E$3:$E$67,$AC$3:$AC$67,AI25) -> 4.912788 | AQ25: =_xll.SRS1Splines.Functions25.Linear_Interp($E$3:$E$67,$AD$3:$AD$67,AI25) -> 92.071439 | AR25: =_xll.SRS1Splines.Functions25.Linear_Interp($E$3:$E$67,$AE$3:$AE$67,AI25) -> 87.02791 | AU25: =E25 -> 36.382118 | AV25: =AU25-0.11 -> 36.272118 | AW25: =AU25+0.11 -> 36.492118 | AX25: 0.30179672 | AY25: 0.37937752 | AZ25: =(W25/100)*(C25/1000) -> 2.5150148 | BA25: =(X25/100)*(C25/1000) -> 4.0322103 | BB25: =((AY25*(C25/1000))-AZ25)*-1 -> -0.79001585 | BC25: =BA25-(AY25*(C25/1000)) -> 0.72717962 | BD25: =AX25 -> 0.30179672 | BE25: 10 | BF25: 3.097842 | BG25: =BF25/2 -> 1.548921 | BH25: =(BG25*0.85)+BD25 -> 1.6183796 | BI25: 7.1779082 | BJ25: =TAN(RADIANS(BI25))*BG25 -> 0.1950675 | BK25: =SIN(RADIANS(BI25))*BG25 -> 0.19353875 | BL25: =0.02*BF25 -> 0.061956841 | BM25: =BB25-BJ25+BL25 -> -0.92312651 | BN25: =BC25-BJ25-BL25 -> 0.47015528 | BO25: =BB25-BK25 -> -0.9835546 | BP25: =BC25-BK25 -> 0.53364087 | BQ25: 23 | BR25: 36.382118 | BS25: =BM25 -> -0.92312651 | BT25: =BN25 -> 0.47015528 | BU25: =BH25 -> 1.6183796 | BV25: 10 | BW25: =AV25 -> 36.272118 | BX25: =AW25 -> 36.492118 | BY25: 0 | BZ25: =BR25/10 -> 3.6382118 | CA25: 0 | CB25: 0 | CC25: 0 | CD25: 0 | CF25: 23 | CG25: =(AY25*(C25/1000))*-1 -> -3.3050307 | CH25: =CG25+(C25/1000) -> 5.4066892 | CI25: =CG25-BJ25 -> -3.5000982 | CJ25: =CH25-BJ25 -> 5.2116217 | CK25: =0.75*CG25 -> -2.478773 | CL25: =0.75*CH25 -> 4.0550169 | CN25: =AU25-0.5 -> 35.882118 | CO25: =AU25+0.5 -> 36.882118
A26: -3123.7984 | B26: 5506.4363 | C26: =(A26*-1)+B26 -> 8630.2348 | D26: 0.31914894 | E26: =D26*122.1399685 -> 38.980841 | F26: 2 | G26: -676.81171 | H26: 815.25033 | I26: -846.81171 | J26: 985.25033 | K26: 1832.062 | L26: -846.81171 | M26: 985.25033 | N26: 1832.062 | O26: 417.46797 | P26: 678.75543 | Q26: 4386.7068 | R26: 0 | S26: 0 | T26: 0 | U26: 0 | W26: =(((A26-G26)*-1)/(C26/100)) -> 28.353652 | X26: =(((A26*-1)+H26)/(C26/100)) -> 45.642429 | Y26: =(((A26-I26)*-1)/(C26/100)) -> 26.383833 | Z26: =(((A26*-1)+J26)/(C26/100)) -> 47.612248 | AA26: =(((A26-L26)*-1)/(C26/100)) -> 26.383833 | AB26: =(((A26*-1)+M26)/(C26/100)) -> 47.612248 | AC26: =(O26/(C26/100)) -> 4.8372725 | AD26: =((C26-P26)/(C26/100)) -> 92.135145 | AE26: =(((A26*-1)+Q26)/(C26/100)) -> 87.025504 | AH26: 24 | AI26: 56.67178 | AJ26: =_xll.SRS1Splines.Functions25.Linear_Interp($E$3:$E$67,$W$3:$W$67,AI26) -> 27.099006 | AK26: =_xll.SRS1Splines.Functions25.Linear_Interp($E$3:$E$67,$X$3:$X$67,AI26) -> 44.65363 | AL26: =_xll.SRS1Splines.Functions25.Linear_Interp($E$3:$E$67,$Y$3:$Y$67,AI26) -> 24.83969 | AM26: =_xll.SRS1Splines.Functions25.Linear_Interp($E$3:$E$67,$Z$3:$Z$67,AI26) -> 46.912946 | AN26: =_xll.SRS1Splines.Functions25.Linear_Interp($E$3:$E$67,$AA$3:$AA$67,AI26) -> 24.83969 | AO26: =_xll.SRS1Splines.Functions25.Linear_Interp($E$3:$E$67,$AB$3:$AB$67,AI26) -> 46.912946 | AP26: =_xll.SRS1Splines.Functions25.Linear_Interp($E$3:$E$67,$AC$3:$AC$67,AI26) -> 4.9171525 | AQ26: =_xll.SRS1Splines.Functions25.Linear_Interp($E$3:$E$67,$AD$3:$AD$67,AI26) -> 91.985263 | AR26: =_xll.SRS1Splines.Functions25.Linear_Interp($E$3:$E$67,$AE$3:$AE$67,AI26) -> 86.994341 | AU26: =E26 -> 38.980841 | AV26: =AU26-0.11 -> 38.870841 | AW26: =AU26+0.11 -> 39.090841 | AX26: 0.34315604 | AY26: 0.37738659 | AZ26: =(W26/100)*(C26/1000) -> 2.4469867 | BA26: =(X26/100)*(C26/1000) -> 3.9390488 | BB26: =((AY26*(C26/1000))-AZ26)*-1 -> -0.80994816 | BC26: =BA26-(AY26*(C26/1000)) -> 0.68211388 | BD26: =AX26 -> 0.34315604 | BE26: 10 | BF26: 2.925637 | BG26: =BF26/2 -> 1.4628185 | BH26: =(BG26*0.85)+BD26 -> 1.5865518 | BI26: 6.7748852 | BJ26: =TAN(RADIANS(BI26))*BG26 -> 0.17378026 | BK26: =SIN(RADIANS(BI26))*BG26 -> 0.1725668 | BL26: =0.02*BF26 -> 0.05851274 | BM26: =BB26-BJ26+BL26 -> -0.92521567 | BN26: =BC26-BJ26-BL26 -> 0.44982088 | BO26: =BB26-BK26 -> -0.98251496 | BP26: =BC26-BK26 -> 0.50954708 | BQ26: 24 | BR26: 38.980841 | BS26: =BM26 -> -0.92521567 | BT26: =BN26 -> 0.44982088 | BU26: =BH26 -> 1.5865518 | BV26: 10 | BW26: =AV26 -> 38.870841 | BX26: =AW26 -> 39.090841 | BY26: 0 | BZ26: =BR26/10 -> 3.8980841 | CA26: 0 | CB26: 0 | CC26: 0 | CD26: 0 | CF26: 24 | CG26: =(AY26*(C26/1000))*-1 -> -3.2569349 | CH26: =CG26+(C26/1000) -> 5.3732999 | CI26: =CG26-BJ26 -> -3.4307151 | CJ26: =CH26-BJ26 -> 5.1995196 | CK26: =0.75*CG26 -> -2.4427012 | CL26: =0.75*CH26 -> 4.0299749 | CN26: =AU26-0.5 -> 38.480841 | CO26: =AU26+0.5 -> 39.480841
A27: -3107.685 | B27: 5504.3675 | C27: =(A27*-1)+B27 -> 8612.0525 | D27: 0.3232 | E27: =D27*122.1399685 -> 39.475638 | F27: 2 | G27: -674.50601 | H27: 812.77062 | I27: -844.50601 | J27: 982.77062 | K27: 1827.2766 | L27: -844.50601 | M27: 982.77062 | N27: 1827.2766 | O27: 414.01304 | P27: 678.76696 | Q27: 4384.8007 | R27: 0 | S27: 0 | T27: 0 | U27: 0 | W27: =(((A27-G27)*-1)/(C27/100)) -> 28.253183 | X27: =(((A27*-1)+H27)/(C27/100)) -> 45.522895 | Y27: =(((A27-I27)*-1)/(C27/100)) -> 26.279205 | Z27: =(((A27*-1)+J27)/(C27/100)) -> 47.496872 | AA27: =(((A27-L27)*-1)/(C27/100)) -> 26.279205 | AB27: =(((A27*-1)+M27)/(C27/100)) -> 47.496872 | AC27: =(O27/(C27/100)) -> 4.8073678 | AD27: =((C27-P27)/(C27/100)) -> 92.118407 | AE27: =(((A27*-1)+Q27)/(C27/100)) -> 87 | AH27: 25 | AI27: 59.115541 | AJ27: =_xll.SRS1Splines.Functions25.Linear_Interp($E$3:$E$67,$W$3:$W$67,AI27) -> 27.044954 | AK27: =_xll.SRS1Splines.Functions25.Linear_Interp($E$3:$E$67,$X$3:$X$67,AI27) -> 44.743025 | AL27: =_xll.SRS1Splines.Functions25.Linear_Interp($E$3:$E$67,$Y$3:$Y$67,AI27) -> 24.725591 | AM27: =_xll.SRS1Splines.Functions25.Linear_Interp($E$3:$E$67,$Z$3:$Z$67,AI27) -> 47.062388 | AN27: =_xll.SRS1Splines.Functions25.Linear_Interp($E$3:$E$67,$AA$3:$AA$67,AI27) -> 24.725591 | AO27: =_xll.SRS1Splines.Functions25.Linear_Interp($E$3:$E$67,$AB$3:$AB$67,AI27) -> 47.062388 | AP27: =_xll.SRS1Splines.Functions25.Linear_Interp($E$3:$E$67,$AC$3:$AC$67,AI27) -> 4.9656352 | AQ27: =_xll.SRS1Splines.Functions25.Linear_Interp($E$3:$E$67,$AD$3:$AD$67,AI27) -> 91.922547 | AR27: =_xll.SRS1Splines.Functions25.Linear_Interp($E$3:$E$67,$AE$3:$AE$67,AI27) -> 86.996653 | AU27: =E27 -> 39.475638 | AV27: =AU27-0.11 -> 39.365638 | AW27: =AU27+0.11 -> 39.585638 | AX27: 0.35124688 | AY27: 0.37651549 | AZ27: =(W27/100)*(C27/1000) -> 2.4331789 | BA27: =(X27/100)*(C27/1000) -> 3.9204556 | BB27: =((AY27*(C27/1000))-AZ27)*-1 -> -0.80939222 | BC27: =BA27-(AY27*(C27/1000)) -> 0.67788441 | BD27: =AX27 -> 0.35124688 | BE27: 10 | BF27: 2.8940643 | BG27: =BF27/2 -> 1.4470321 | BH27: =(BG27*0.85)+BD27 -> 1.5812242 | BI27: 6.700769 | BJ27: =TAN(RADIANS(BI27))*BG27 -> 0.1700069 | BK27: =SIN(RADIANS(BI27))*BG27 -> 0.16884559 | BL27: =0.02*BF27 -> 0.057881285 | BM27: =BB27-BJ27+BL27 -> -0.92151783 | BN27: =BC27-BJ27-BL27 -> 0.44999623 | BO27: =BB27-BK27 -> -0.97823782 | BP27: =BC27-BK27 -> 0.50903882 | BQ27: 25 | BR27: 39.475638 | BS27: =BM27 -> -0.92151783 | BT27: =BN27 -> 0.44999623 | BU27: =BH27 -> 1.5812242 | BV27: 10 | BW27: =AV27 -> 39.365638 | BX27: =AW27 -> 39.585638 | BY27: 0 | BZ27: =BR27/10 -> 3.9475638 | CA27: 0 | CB27: 0 | CC27: 0 | CD27: 0 | CF27: 25 | CG27: =(AY27*(C27/1000))*-1 -> -3.2425712 | CH27: =CG27+(C27/1000) -> 5.3694813 | CI27: =CG27-BJ27 -> -3.4125781 | CJ27: =CH27-BJ27 -> 5.1994744 | CK27: =0.75*CG27 -> -2.4319284 | CL27: =0.75*CH27 -> 4.027111 | CN27: =AU27-0.5 -> 38.975638 | CO27: =AU27+0.5 -> 39.975638
... A53: -1485.9652 | B53: 2759.6496 | C53: =(A53*-1)+B53 -> 4245.6147 | D53: 0.78723404 | E53: =D53*122.1399685 -> 96.152741 | F53: 2 | G53: -410.39729 | H53: 528.72916 | I53: -580.39729 | J53: 698.72916 | K53: 1279.1265 | L53: -580.39729 | M53: 698.72916 | N53: 1279.1265 | O53: 270.38085 | P53: 427.97021 | Q53: 2207.7197 | R53: 0 | S53: 0 | T53: 0 | U53: 0 | W53: =(((A53-G53)*-1)/(C53/100)) -> 25.333619 | X53: =(((A53*-1)+H53)/(C53/100)) -> 47.453536 | Y53: =(((A53-I53)*-1)/(C53/100)) -> 21.329487 | Z53: =(((A53*-1)+J53)/(C53/100)) -> 51.457668 | AA53: =(((A53-L53)*-1)/(C53/100)) -> 21.329487 | AB53: =(((A53*-1)+M53)/(C53/100)) -> 51.457668 | AC53: =(O53/(C53/100)) -> 6.3684736 | AD53: =((C53-P53)/(C53/100)) -> 89.919711 | AE53: =(((A53*-1)+Q53)/(C53/100)) -> 87 | AH53: 51 | AI53: 122.13997 | AJ53: =_xll.SRS1Splines.Functions25.Linear_Interp($E$3:$E$67,$W$3:$W$67,AI53) -> 35 | AK53: =_xll.SRS1Splines.Functions25.Linear_Interp($E$3:$E$67,$X$3:$X$67,AI53) -> 35 | AL53: =_xll.SRS1Splines.Functions25.Linear_Interp($E$3:$E$67,$Y$3:$Y$67,AI53) -> 35 | AM53: =_xll.SRS1Splines.Functions25.Linear_Interp($E$3:$E$67,$Z$3:$Z$67,AI53) -> 35 | AN53: =_xll.SRS1Splines.Functions25.Linear_Interp($E$3:$E$67,$AA$3:$AA$67,AI53) -> 35 | AO53: =_xll.SRS1Splines.Functions25.Linear_Interp($E$3:$E$67,$AB$3:$AB$67,AI53) -> 35 | AP53: =_xll.SRS1Splines.Functions25.Linear_Interp($E$3:$E$67,$AC$3:$AC$67,AI53) -> 0 | AQ53: =_xll.SRS1Splines.Functions25.Linear_Interp($E$3:$E$67,$AD$3:$AD$67,AI53) -> 100 | AR53: =_xll.SRS1Splines.Functions25.Linear_Interp($E$3:$E$67,$AE$3:$AE$67,AI53) -> 35 | AU53: =E53 -> 96.152741 | AV53: =AU53-0.11 -> 96.042741 | AW53: =AU53+0.11 -> 96.262741 | AX53: 2.5438781 | AY53: 0.3533479 | AZ53: =(W53/100)*(C53/1000) -> 1.0755679 | BA53: =(X53/100)*(C53/1000) -> 2.0146943 | BB53: =((AY53*(C53/1000))-AZ53)*-1 -> -0.42461117 | BC53: =BA53-(AY53*(C53/1000)) -> 0.51451528 | BD53: =AX53 -> 2.5438781 | BE53: 10 | BF53: 1.0232213 | BG53: =BF53/2 -> 0.51161065 | BH53: =(BG53*0.85)+BD53 -> 2.9787472 | BI53: -0.93782981 | BJ53: =TAN(RADIANS(BI53))*BG53 -> -0.0083749026 | BK53: =SIN(RADIANS(BI53))*BG53 -> -0.0083737807 | BL53: =0.02*BF53 -> 0.020464426 | BM53: =BB53-BJ53+BL53 -> -0.39577184 | BN53: =BC53-BJ53-BL53 -> 0.50242576 | BO53: =BB53-BK53 -> -0.41623739 | BP53: =BC53-BK53 -> 0.52288906 | BQ53: 51 | BR53: 96.152741 | BS53: =BM53 -> -0.39577184 | BT53: =BN53 -> 0.50242576 | BU53: =BH53 -> 2.9787472 | BV53: 10 | BW53: =AV53 -> 96.042741 | BX53: =AW53 -> 96.262741 | BY53: 0 | BZ53: =BR53/10 -> 9.6152741 | CA53: 0 | CB53: 0 | CC53: 0 | CD53: 0 | CF53: 51 | CG53: =(AY53*(C53/1000))*-1 -> -1.500179 | CH53: =CG53+(C53/1000) -> 2.7454357 | CI53: =CG53-BJ53 -> -1.4918041 | CJ53: =CH53-BJ53 -> 2.7538106 | CK53: =0.75*CG53 -> -1.1251343 | CL53: =0.75*CH53 -> 2.0590768 | CN53: =AU53-0.5 -> 95.652741 | CO53: =AU53+0.5 -> 96.652741
A54: -1444.6728 | B54: 2682.9638 | C54: =(A54*-1)+B54 -> 4127.6366 | D54: 0.8 | E54: =D54*122.1399685 -> 97.711975 | F54: 2 | G54: -403.13144 | H54: 520.91495 | I54: -573.13144 | J54: 690.91495 | K54: 1264.0464 | L54: -573.13144 | M54: 690.91495 | N54: 1264.0464 | O54: 266.42941 | P54: 421.07059 | Q54: 2146.371 | R54: 0 | S54: 0 | T54: 0 | U54: 0 | W54: =(((A54-G54)*-1)/(C54/100)) -> 25.233359 | X54: =(((A54*-1)+H54)/(C54/100)) -> 47.620175 | Y54: =(((A54-I54)*-1)/(C54/100)) -> 21.114779 | Z54: =(((A54*-1)+J54)/(C54/100)) -> 51.738754 | AA54: =(((A54-L54)*-1)/(C54/100)) -> 21.114779 | AB54: =(((A54*-1)+M54)/(C54/100)) -> 51.738754 | AC54: =(O54/(C54/100)) -> 6.4547691 | AD54: =((C54-P54)/(C54/100)) -> 89.798748 | AE54: =(((A54*-1)+Q54)/(C54/100)) -> 87 | AH54: 52 | AU54: =E54 -> 97.711975 | AV54: =AU54-0.11 -> 97.601975 | AW54: =AU54+0.11 -> 97.821975 | AX54: 2.6494235 | AY54: 0.35377652 | AZ54: =(W54/100)*(C54/1000) -> 1.0415414 | BA54: =(X54/100)*(C54/1000) -> 1.9655877 | BB54: =((AY54*(C54/1000))-AZ54)*-1 -> -0.41871955 | BC54: =BA54-(AY54*(C54/1000)) -> 0.50532684 | BD54: =AX54 -> 2.6494235 | BE54: 10 | BF54: 0.994859 | BG54: =BF54/2 -> 0.4974295 | BH54: =(BG54*0.85)+BD54 -> 3.0722385 | BI54: -1.1021362 | BJ54: =TAN(RADIANS(BI54))*BG54 -> -0.009569687 | BK54: =SIN(RADIANS(BI54))*BG54 -> -0.0095679165 | BL54: =0.02*BF54 -> 0.01989718 | BM54: =BB54-BJ54+BL54 -> -0.38925268 | BN54: =BC54-BJ54-BL54 -> 0.49499935 | BO54: =BB54-BK54 -> -0.40915163 | BP54: =BC54-BK54 -> 0.51489476 | BQ54: 52 | BR54: 97.711975 | BS54: =BM54 -> -0.38925268 | BT54: =BN54 -> 0.49499935 | BU54: =BH54 -> 3.0722385 | BV54: 10 | BW54: =AV54 -> 97.601975 | BX54: =AW54 -> 97.821975 | BY54: 0 | BZ54: =BR54/10 -> 9.7711975 | CA54: 0 | CB54: 0 | CC54: 0 | CD54: 0 | CF54: 52 | CG54: =(AY54*(C54/1000))*-1 -> -1.4602609 | CH54: =CG54+(C54/1000) -> 2.6673757 | CI54: =CG54-BJ54 -> -1.4506912 | CJ54: =CH54-BJ54 -> 2.6769454 | CK54: =0.75*CG54 -> -1.0951957 | CL54: =0.75*CH54 -> 2.0005318 | CN54: =AU54-0.5 -> 97.211975 | CO54: =AU54+0.5 -> 98.211975
A55: -1417.5644 | B55: 2632.6196 | C55: =(A55*-1)+B55 -> 4050.1841 | D55: 0.80851064 | E55: =D55*122.1399685 -> 98.751464 | F55: 2 | G55: -398.28754 | H55: 515.70547 | I55: -568.28754 | J55: 685.70547 | K55: 1253.993 | L55: -568.28754 | M55: 685.70547 | N55: 1253.993 | O55: 263.79512 | P55: 416.47084 | Q55: 2106.0957 | R55: 0 | S55: 0 | T55: 0 | U55: 0 | W55: =(((A55-G55)*-1)/(C55/100)) -> 25.166187 | X55: =(((A55*-1)+H55)/(C55/100)) -> 47.73289 | Y55: =(((A55-I55)*-1)/(C55/100)) -> 20.968846 | Z55: =(((A55*-1)+J55)/(C55/100)) -> 51.93023 | AA55: =(((A55-L55)*-1)/(C55/100)) -> 20.968846 | AB55: =(((A55*-1)+M55)/(C55/100)) -> 51.93023 | AC55: =(O55/(C55/100)) -> 6.5131637 | AD55: =((C55-P55)/(C55/100)) -> 89.717237 | AE55: =(((A55*-1)+Q55)/(C55/100)) -> 87 | AH55: 53 | AN55: PS equal to SS | AO55: PS equal to SS | AU55: =E55 -> 98.751464 | AV55: =AU55-0.11 -> 98.641464 | AW55: =AU55+0.11 -> 98.861464 | AX55: 2.7210759 | AY55: 0.35442266 | AZ55: =(W55/100)*(C55/1000) -> 1.0192769 | BA55: =(X55/100)*(C55/1000) -> 1.9332699 | BB55: =((AY55*(C55/1000))-AZ55)*-1 -> -0.41620014 | BC55: =BA55-(AY55*(C55/1000)) -> 0.49779288 | BD55: =AX55 -> 2.7210759 | BE55: 10 | BF55: 0.97613382 | BG55: =BF55/2 -> 0.48806691 | BH55: =(BG55*0.85)+BD55 -> 3.1359328 | BI55: -1.2103895 | BJ55: =TAN(RADIANS(BI55))*BG55 -> -0.010312085 | BK55: =SIN(RADIANS(BI55))*BG55 -> -0.010309784 | BL55: =0.02*BF55 -> 0.019522676 | BM55: =BB55-BJ55+BL55 -> -0.38636537 | BN55: =BC55-BJ55-BL55 -> 0.48858229 | BO55: =BB55-BK55 -> -0.40589035 | BP55: =BC55-BK55 -> 0.50810267 | BQ55: 53 | BR55: 98.751464 | BS55: =BM55 -> -0.38636537 | BT55: =BN55 -> 0.48858229 | BU55: =BH55 -> 3.1359328 | BV55: 10 | BW55: =AV55 -> 98.641464 | BX55: =AW55 -> 98.861464 | BY55: 0 | BZ55: =BR55/10 -> 9.8751464 | CA55: 0 | CB55: 0 | CC55: 0 | CD55: 0 | CF55: 53 | CG55: =(AY55*(C55/1000))*-1 -> -1.435477 | CH55: =CG55+(C55/1000) -> 2.614707 | CI55: =CG55-BJ55 -> -1.4251649 | CJ55: =CH55-BJ55 -> 2.6250191 | CK55: =0.75*CG55 -> -1.0766078 | CL55: =0.75*CH55 -> 1.9610303 | CN55: =AU55-0.5 -> 98.251464 | CO55: =AU55+0.5 -> 99.251464
A56: -1350.8744 | B56: 2508.7667 | C56: =(A56*-1)+B56 -> 3859.6411 | D56: 0.82978723 | E56: =D56*122.1399685 -> 101.35019 | F56: 2 | G56: -386.1778 | H56: 502.68178 | I56: -556.1778 | J56: 672.68178 | K56: 1228.8596 | L56: -556.1778 | M56: 672.68178 | N56: 1228.8596 | O56: 257.20939 | P56: 404.97146 | Q56: 2007.0134 | R56: 0 | S56: 0 | T56: 0 | U56: 0 | W56: =(((A56-G56)*-1)/(C56/100)) -> 24.994463 | X56: =(((A56*-1)+H56)/(C56/100)) -> 48.024055 | Y56: =(((A56-I56)*-1)/(C56/100)) -> 20.589909 | Z56: =(((A56*-1)+J56)/(C56/100)) -> 52.42861 | AA56: =(((A56-L56)*-1)/(C56/100)) -> 20.589909 | AB56: =(((A56*-1)+M56)/(C56/100)) -> 52.42861 | AC56: =(O56/(C56/100)) -> 6.6640753 | AD56: =((C56-P56)/(C56/100)) -> 89.507536 | AE56: =(((A56*-1)+Q56)/(C56/100)) -> 87 | AH56: 54 | AP56: 0% und 100 % werden automatisch gesetzt. Alle weiteren rot markierten Werte sind nicht zu setzen!! | AU56: =E56 -> 101.35019 | AV56: =AU56-0.11 -> 101.24019 | AW56: =AU56+0.11 -> 101.46019 | AX56: 2.9065587 | AY56: 0.35732826 | AZ56: =(W56/100)*(C56/1000) -> 0.96469657 | BA56: =(X56/100)*(C56/1000) -> 1.8535562 | BB56: =((AY56*(C56/1000))-AZ56)*-1 -> -0.41446226 | BC56: =BA56-(AY56*(C56/1000)) -> 0.47439732 | BD56: =AX56 -> 2.9065587 | BE56: 10 | BF56: 0.93021134 | BG56: =BF56/2 -> 0.46510567 | BH56: =(BG56*0.85)+BD56 -> 3.3018985 | BI56: -1.4755616 | BJ56: =TAN(RADIANS(BI56))*BG56 -> -0.011980705 | BK56: =SIN(RADIANS(BI56))*BG56 -> -0.011976732 | BL56: =0.02*BF56 -> 0.018604227 | BM56: =BB56-BJ56+BL56 -> -0.38387733 | BN56: =BC56-BJ56-BL56 -> 0.4677738 | BO56: =BB56-BK56 -> -0.40248553 | BP56: =BC56-BK56 -> 0.48637405 | BQ56: 54 | BR56: 101.35019 | BS56: =BM56 -> -0.38387733 | BT56: =BN56 -> 0.4677738 | BU56: =BH56 -> 3.3018985 | BV56: 10 | BW56: =AV56 -> 101.24019 | BX56: =AW56 -> 101.46019 | BY56: 0 | BZ56: =BR56/10 -> 10.135019 | CA56: 0 | CB56: 0 | CC56: 0 | CD56: 0 | CF56: 54 | CG56: =(AY56*(C56/1000))*-1 -> -1.3791588 | CH56: =CG56+(C56/1000) -> 2.4804822 | CI56: =CG56-BJ56 -> -1.3671781 | CJ56: =CH56-BJ56 -> 2.4924629 | CK56: =0.75*CG56 -> -1.0343691 | CL56: =0.75*CH56 -> 1.8603617 | CN56: =AU56-0.5 -> 100.85019 | CO56: =AU56+0.5 -> 101.85019
A57: -1285.8622 | B57: 2388.0298 | C57: =(A57*-1)+B57 -> 3673.8919 | D57: 0.85106383 | E57: =D57*122.1399685 -> 103.94891 | F57: 2 | G57: -374.06805 | H57: 489.65809 | I57: -544.06805 | J57: 659.65809 | K57: 1203.7261 | L57: -544.06805 | M57: 659.65809 | N57: 1203.7261 | O57: 250.62365 | P57: 393.47209 | Q57: 1910.4238 | R57: 0 | S57: 0 | T57: 0 | U57: 0 | W57: =(((A57-G57)*-1)/(C57/100)) -> 24.818208 | X57: =(((A57*-1)+H57)/(C57/100)) -> 48.328048 | Y57: =(((A57-I57)*-1)/(C57/100)) -> 20.190962 | Z57: =(((A57*-1)+J57)/(C57/100)) -> 52.955294 | AA57: =(((A57-L57)*-1)/(C57/100)) -> 20.190962 | AB57: =(((A57*-1)+M57)/(C57/100)) -> 52.955294 | AC57: =(O57/(C57/100)) -> 6.8217481 | AD57: =((C57-P57)/(C57/100)) -> 89.290047 | AE57: =(((A57*-1)+Q57)/(C57/100)) -> 87 | AH57: 55 | AU57: =E57 -> 103.94891 | AV57: =AU57-0.11 -> 103.83891 | AW57: =AU57+0.11 -> 104.05891 | AX57: 3.1004835 | AY57: 0.36133869 | AZ57: =(W57/100)*(C57/1000) -> 0.91179412 | BA57: =(X57/100)*(C57/1000) -> 1.7755203 | BB57: =((AY57*(C57/1000))-AZ57)*-1 -> -0.41572516 | BC57: =BA57-(AY57*(C57/1000)) -> 0.44800099 | BD57: =AX57 -> 3.1004835 | BE57: 10 | BF57: 0.88547125 | BG57: =BF57/2 -> 0.44273563 | BH57: =(BG57*0.85)+BD57 -> 3.4768087 | BI57: -1.737009 | BJ57: =TAN(RADIANS(BI57))*BG57 -> -0.01342632 | BK57: =SIN(RADIANS(BI57))*BG57 -> -0.01342015 | BL57: =0.02*BF57 -> 0.017709425 | BM57: =BB57-BJ57+BL57 -> -0.38458942 | BN57: =BC57-BJ57-BL57 -> 0.44371788 | BO57: =BB57-BK57 -> -0.40230501 | BP57: =BC57-BK57 -> 0.46142114 | BQ57: 55 | BR57: 103.94891 | BS57: =BM57 -> -0.38458942 | BT57: =BN57 -> 0.44371788 | BU57: =BH57 -> 3.4768087 | BV57: 10 | BW57: =AV57 -> 103.83891 | BX57: =AW57 -> 104.05891 | BY57: 0 | BZ57: =BR57/10 -> 10.394891 | CA57: 0 | CB57: 0 | CC57: 0 | CD57: 0 | CF57: 55 | CG57: =(AY57*(C57/1000))*-1 -> -1.3275193 | CH57: =CG57+(C57/1000) -> 2.3463726 | CI57: =CG57-BJ57 -> -1.314093 | CJ57: =CH57-BJ57 -> 2.359799 | CK57: =0.75*CG57 -> -0.99563946 | CL57: =0.75*CH57 -> 1.7597795 | CN57: =AU57-0.5 -> 103.44891 | CO57: =AU57+0.5 -> 104.44891
A58: -1222.5914 | B58: 2270.5268 | C58: =(A58*-1)+B58 -> 3493.1182 | D58: 0.87234043 | E58: =D58*122.1399685 -> 106.54763 | F58: 2 | G58: -361.95831 | H58: 476.6344 | I58: -531.95831 | J58: 646.6344 | K58: 1178.5927 | L58: -531.95831 | M58: 646.6344 | N58: 1178.5927 | O58: 244.03792 | P58: 381.97272 | Q58: 1816.4215 | R58: 0 | S58: 0 | T58: 0 | U58: 0 | W58: =(((A58-G58)*-1)/(C58/100)) -> 24.63796 | X58: =(((A58*-1)+H58)/(C58/100)) -> 48.644955 | Y58: =(((A58-I58)*-1)/(C58/100)) -> 19.771248 | Z58: =(((A58*-1)+J58)/(C58/100)) -> 53.511667 | AA58: =(((A58-L58)*-1)/(C58/100)) -> 19.771248 | AB58: =(((A58*-1)+M58)/(C58/100)) -> 53.511667 | AC58: =(O58/(C58/100)) -> 6.9862486 | AD58: =((C58-P58)/(C58/100)) -> 89.064993 | AE58: =(((A58*-1)+Q58)/(C58/100)) -> 87 | AH58: 56 | AU58: =E58 -> 106.54763 | AV58: =AU58-0.11 -> 106.43763 | AW58: =AU58+0.11 -> 106.65763 | AX58: 3.3032524 | AY58: 0.36681286 | AZ58: =(W58/100)*(C58/1000) -> 0.86063307 | BA58: =(X58/100)*(C58/1000) -> 1.6992258 | BB58: =((AY58*(C58/1000))-AZ58)*-1 -> -0.42068762 | BC58: =BA58-(AY58*(C58/1000)) -> 0.41790509 | BD58: =AX58 -> 3.3032524 | BE58: 10 | BF58: 0.84189264 | BG58: =BF58/2 -> 0.42094632 | BH58: =(BG58*0.85)+BD58 -> 3.6610568 | BI58: -1.9968284 | BJ58: =TAN(RADIANS(BI58))*BG58 -> -0.01467644 | BK58: =SIN(RADIANS(BI58))*BG58 -> -0.014667528 | BL58: =0.02*BF58 -> 0.016837853 | BM58: =BB58-BJ58+BL58 -> -0.38917333 | BN58: =BC58-BJ58-BL58 -> 0.41574368 | BO58: =BB58-BK58 -> -0.40602009 | BP58: =BC58-BK58 -> 0.43257262 | BQ58: 56 | BR58: 106.54763 | BS58: =BM58 -> -0.38917333 | BT58: =BN58 -> 0.41574368 | BU58: =BH58 -> 3.6610568 | BV58: 10 | BW58: =AV58 -> 106.43763 | BX58: =AW58 -> 106.65763 | BY58: 0 | BZ58: =BR58/10 -> 10.654763 | CA58: 0 | CB58: 0 | CC58: 0 | CD58: 0 | CF58: 56 | CG58: =(AY58*(C58/1000))*-1 -> -1.2813207 | CH58: =CG58+(C58/1000) -> 2.2117975 | CI58: =CG58-BJ58 -> -1.2666443 | CJ58: =CH58-BJ58 -> 2.226474 | CK58: =0.75*CG58 -> -0.96099052 | CL58: =0.75*CH58 -> 1.6588481 | CN58: =AU58-0.5 -> 106.04763 | CO58: =AU58+0.5 -> 107.04763
A59: -1159.5965 | B59: 2153.5363 | C59: =(A59*-1)+B59 -> 3313.1328 | D59: 0.89361702 | E59: =D59*122.1399685 -> 109.14635 | F59: 2 | G59: -349.84856 | H59: 463.61072 | I59: -519.84856 | J59: 633.61072 | K59: 1153.4593 | L59: -519.84856 | M59: 633.61072 | N59: 1153.4593 | O59: 237.45219 | P59: 370.47334 | Q59: 1722.829 | R59: 0 | S59: 0 | T59: 0 | U59: 0 | W59: =(((A59-G59)*-1)/(C59/100)) -> 24.440551 | X59: =(((A59*-1)+H59)/(C59/100)) -> 48.993122 | Y59: =(((A59-I59)*-1)/(C59/100)) -> 19.309456 | Z59: =(((A59*-1)+J59)/(C59/100)) -> 54.124217 | AA59: =(((A59-L59)*-1)/(C59/100)) -> 19.309456 | AB59: =(((A59*-1)+M59)/(C59/100)) -> 54.124217 | AC59: =(O59/(C59/100)) -> 7.1669989 | AD59: =((C59-P59)/(C59/100)) -> 88.818035 | AE59: =(((A59*-1)+Q59)/(C59/100)) -> 87 | AH59: 57 | AU59: =E59 -> 109.14635 | AV59: =AU59-0.11 -> 109.03635 | AW59: =AU59+0.11 -> 109.25635 | AX59: 3.5148122 | AY59: 0.37409959 | AZ59: =(W59/100)*(C59/1000) -> 0.80974791 | BA59: =(X59/100)*(C59/1000) -> 1.6232072 | BB59: =((AY59*(C59/1000))-AZ59)*-1 -> -0.4296937 | BC59: =BA59-(AY59*(C59/1000)) -> 0.38376557 | BD59: =AX59 -> 3.5148122 | BE59: 10 | BF59: 0.79809231 | BG59: =BF59/2 -> 0.39904615 | BH59: =(BG59*0.85)+BD59 -> 3.8540014 | BI59: -2.2570538 | BJ59: =TAN(RADIANS(BI59))*BG59 -> -0.015727769 | BK59: =SIN(RADIANS(BI59))*BG59 -> -0.015715568 | BL59: =0.02*BF59 -> 0.015961846 | BM59: =BB59-BJ59+BL59 -> -0.39800409 | BN59: =BC59-BJ59-BL59 -> 0.3835315 | BO59: =BB59-BK59 -> -0.41397813 | BP59: =BC59-BK59 -> 0.39948114 | BQ59: 57 | BR59: 109.14635 | BS59: =BM59 -> -0.39800409 | BT59: =BN59 -> 0.3835315 | BU59: =BH59 -> 3.8540014 | BV59: 10 | BW59: =AV59 -> 109.03635 | BX59: =AW59 -> 109.25635 | BY59: 0 | BZ59: =BR59/10 -> 10.914635 | CA59: 0 | CB59: 0 | CC59: 0 | CD59: 0 | CF59: 57 | CG59: =(AY59*(C59/1000))*-1 -> -1.2394416 | CH59: =CG59+(C59/1000) -> 2.0736912 | CI59: =CG59-BJ59 -> -1.2237138 | CJ59: =CH59-BJ59 -> 2.0894189 | CK59: =0.75*CG59 -> -0.92958121 | CL59: =0.75*CH59 -> 1.5552684 | CN59: =AU59-0.5 -> 108.64635 | CO59: =AU59+0.5 -> 109.64635
A60: -1140.1745 | B60: 2117.4669 | C60: =(A60*-1)+B60 -> 3257.6414 | D60: 0.9 | E60: =D60*122.1399685 -> 109.92597 | F60: 2 | G60: -346.21564 | H60: 459.70361 | I60: -516.21564 | J60: 629.70361 | K60: 1145.9192 | L60: -516.21564 | M60: 629.70361 | N60: 1145.9192 | O60: 235.47647 | P60: 367.02353 | Q60: 1693.9735 | R60: 0 | S60: 0 | T60: 0 | U60: 0 | W60: =(((A60-G60)*-1)/(C60/100)) -> 24.372199 | X60: =(((A60*-1)+H60)/(C60/100)) -> 49.111547 | Y60: =(((A60-I60)*-1)/(C60/100)) -> 19.1537 | Z60: =(((A60*-1)+J60)/(C60/100)) -> 54.330047 | AA60: =(((A60-L60)*-1)/(C60/100)) -> 19.1537 | AB60: =(((A60*-1)+M60)/(C60/100)) -> 54.330047 | AC60: =(O60/(C60/100)) -> 7.2284344 | AD60: =((C60-P60)/(C60/100)) -> 88.733458 | AE60: =(((A60*-1)+Q60)/(C60/100)) -> 87 | AH60: 58 | AU60: =E60 -> 109.92597 | AV60: =AU60-0.11 -> 109.81597 | AW60: =AU60+0.11 -> 110.03597 | AX60: 3.5797194 | AY60: 0.37781325 | AZ60: =(W60/100)*(C60/1000) -> 0.79395885 | BA60: =(X60/100)*(C60/1000) -> 1.5998781 | BB60: =((AY60*(C60/1000))-AZ60)*-1 -> -0.43682121 | BC60: =BA60-(AY60*(C60/1000)) -> 0.36909803 | BD60: =AX60 -> 3.5797194 | BE60: 10 | BF60: 0.78467902 | BG60: =BF60/2 -> 0.39233951 | BH60: =(BG60*0.85)+BD60 -> 3.9132079 | BI60: -2.3353516 | BJ60: =TAN(RADIANS(BI60))*BG60 -> -0.016000453 | BK60: =SIN(RADIANS(BI60))*BG60 -> -0.015987164 | BL60: =0.02*BF60 -> 0.01569358 | BM60: =BB60-BJ60+BL60 -> -0.40512718 | BN60: =BC60-BJ60-BL60 -> 0.3694049 | BO60: =BB60-BK60 -> -0.42083405 | BP60: =BC60-BK60 -> 0.38508519 | BQ60: 58 | BR60: 109.92597 | BS60: =BM60 -> -0.40512718 | BT60: =BN60 -> 0.3694049 | BU60: =BH60 -> 3.9132079 | BV60: 10 | BW60: =AV60 -> 109.81597 | BX60: =AW60 -> 110.03597 | BY60: 0 | BZ60: =BR60/10 -> 10.992597 | CA60: 0 | CB60: 0 | CC60: 0 | CD60: 0 | CF60: 58 | CG60: =(AY60*(C60/1000))*-1 -> -1.2307801 | CH60: =CG60+(C60/1000) -> 2.0268613 | CI60: =CG60-BJ60 -> -1.2147796 | CJ60: =CH60-BJ60 -> 2.0428618 | CK60: =0.75*CG60 -> -0.92308505 | CL60: =0.75*CH60 -> 1.520146 | CN60: =AU60-0.5 -> 109.42597 | CO60: =AU60+0.5 -> 110.42597
A61: -1091.3167 | B61: 2026.7309 | C61: =(A61*-1)+B61 -> 3118.0476 | D61: 0.91489362 | E61: =D61*122.1399685 -> 111.74508 | F61: 2 | G61: -337.73881 | H61: 450.58703 | I61: -507.73881 | J61: 620.58703 | K61: 1128.3258 | L61: -507.73881 | M61: 620.58703 | N61: 1128.3258 | O61: 230.86646 | P61: 358.97397 | Q61: 1621.3848 | R61: 0 | S61: 0 | T61: 0 | U61: 0 | W61: =(((A61-G61)*-1)/(C61/100)) -> 24.16826 | X61: =(((A61*-1)+H61)/(C61/100)) -> 49.450935 | Y61: =(((A61-I61)*-1)/(C61/100)) -> 18.71613 | Z61: =(((A61*-1)+J61)/(C61/100)) -> 54.903065 | AA61: =(((A61-L61)*-1)/(C61/100)) -> 18.71613 | AB61: =(((A61*-1)+M61)/(C61/100)) -> 54.903065 | AC61: =(O61/(C61/100)) -> 7.4041993 | AD61: =((C61-P61)/(C61/100)) -> 88.48722 | AE61: =(((A61*-1)+Q61)/(C61/100)) -> 87 | AH61: 59 | AU61: =E61 -> 111.74508 | AV61: =AU61-0.11 -> 111.63508 | AW61: =AU61+0.11 -> 111.85508 | AX61: 3.7353265 | AY61: 0.38326019 | AZ61: =(W61/100)*(C61/1000) -> 0.75357785 | BA61: =(X61/100)*(C61/1000) -> 1.5419037 | BB61: =((AY61*(C61/1000))-AZ61)*-1 -> -0.44144566 | BC61: =BA61-(AY61*(C61/1000)) -> 0.34688018 | BD61: =AX61 -> 3.7353265 | BE61: 10 | BF61: 0.75045508 | BG61: =BF61/2 -> 0.37522754 | BH61: =(BG61*0.85)+BD61 -> 4.0542699 | BI61: -2.5176797 | BJ61: =TAN(RADIANS(BI61))*BG61 -> -0.016498794 | BK61: =SIN(RADIANS(BI61))*BG61 -> -0.016482868 | BL61: =0.02*BF61 -> 0.015009102 | BM61: =BB61-BJ61+BL61 -> -0.40993777 | BN61: =BC61-BJ61-BL61 -> 0.34836987 | BO61: =BB61-BK61 -> -0.42496279 | BP61: =BC61-BK61 -> 0.36336304 | BQ61: 59 | BR61: 111.74508 | BS61: =BM61 -> -0.40993777 | BT61: =BN61 -> 0.34836987 | BU61: =BH61 -> 4.0542699 | BV61: 10 | BW61: =AV61 -> 111.63508 | BX61: =AW61 -> 111.85508 | BY61: 0 | BZ61: =BR61/10 -> 11.174508 | CA61: 0 | CB61: 0 | CC61: 0 | CD61: 0 | CF61: 59 | CG61: =(AY61*(C61/1000))*-1 -> -1.1950235 | CH61: =CG61+(C61/1000) -> 1.9230241 | CI61: =CG61-BJ61 -> -1.1785247 | CJ61: =CH61-BJ61 -> 1.9395229 | CK61: =0.75*CG61 -> -0.89626763 | CL61: =0.75*CH61 -> 1.4422681 | CN61: =AU61-0.5 -> 111.24508 | CO61: =AU61+0.5 -> 112.24508
A62: -1009.6519 | B62: 1875.0679 | C62: =(A62*-1)+B62 -> 2884.7198 | D62: 0.93617021 | E62: =D62*122.1399685 -> 114.3438 | F62: 2 | G62: -325.62907 | H62: 437.56334 | I62: -495.62907 | J62: 607.56334 | K62: 1103.1924 | L62: -495.62907 | M62: 607.56334 | N62: 1103.1924 | O62: 224.28073 | P62: 347.47459 | Q62: 1500.0543 | R62: 0 | S62: 0 | T62: 0 | U62: 0 | W62: =(((A62-G62)*-1)/(C62/100)) -> 23.711934 | X62: =(((A62*-1)+H62)/(C62/100)) -> 50.168313 | Y62: =(((A62-I62)*-1)/(C62/100)) -> 17.818814 | Z62: =(((A62*-1)+J62)/(C62/100)) -> 56.061433 | AA62: =(((A62-L62)*-1)/(C62/100)) -> 17.818814 | AB62: =(((A62*-1)+M62)/(C62/100)) -> 56.061433 | AC62: =(O62/(C62/100)) -> 7.7747838 | AD62: =((C62-P62)/(C62/100)) -> 87.95465 | AE62: =(((A62*-1)+Q62)/(C62/100)) -> 87 | AH62: 60 | AU62: =E62 -> 114.3438 | AV62: =AU62-0.11 -> 114.2338 | AW62: =AU62+0.11 -> 114.4538 | AX62: 3.9651503 | AY62: 0.3924313 | AZ62: =(W62/100)*(C62/1000) -> 0.68402286 | BA62: =(X62/100)*(C62/1000) -> 1.4472153 | BB62: =((AY62*(C62/1000))-AZ62)*-1 -> -0.44803149 | BC62: =BA62-(AY62*(C62/1000)) -> 0.31516091 | BD62: =AX62 -> 3.9651503 | BE62: 10 | BF62: 0.6938635 | BG62: =BF62/2 -> 0.34693175 | BH62: =(BG62*0.85)+BD62 -> 4.2600423 | BI62: -2.7735638 | BJ62: =TAN(RADIANS(BI62))*BG62 -> -0.01680734 | BK62: =SIN(RADIANS(BI62))*BG62 -> -0.016787651 | BL62: =0.02*BF62 -> 0.01387727 | BM62: =BB62-BJ62+BL62 -> -0.41734688 | BN62: =BC62-BJ62-BL62 -> 0.31809098 | BO62: =BB62-BK62 -> -0.43124384 | BP62: =BC62-BK62 -> 0.33194856 | BQ62: 60 | BR62: 114.3438 | BS62: =BM62 -> -0.41734688 | BT62: =BN62 -> 0.31809098 | BU62: =BH62 -> 4.2600423 | BV62: 10 | BW62: =AV62 -> 114.2338 | BX62: =AW62 -> 114.4538 | BY62: 0 | BZ62: =BR62/10 -> 11.43438 | CA62: 0 | CB62: 0 | CC62: 0 | CD62: 0 | CF62: 60 | CG62: =(AY62*(C62/1000))*-1 -> -1.1320544 | CH62: =CG62+(C62/1000) -> 1.7526654 | CI62: =CG62-BJ62 -> -1.115247 | CJ62: =CH62-BJ62 -> 1.7694728 | CK62: =0.75*CG62 -> -0.84904076 | CL62: =0.75*CH62 -> 1.3144991 | CN62: =AU62-0.5 -> 113.8438 | CO62: =AU62+0.5 -> 114.8438
A63: -946.53852 | B63: 1757.8572 | C63: =(A63*-1)+B63 -> 2704.3958 | D63: 0.95 | E63: =D63*122.1399685 -> 116.03297 | F63: 2 | G63: -317.75773 | H63: 429.09794 | I63: -487.75773 | J63: 599.09794 | K63: 1086.8557 | L63: -487.75773 | M63: 599.09794 | N63: 1086.8557 | O63: 220 | P63: 340 | Q63: 1406.2858 | R63: 0 | S63: 0 | T63: 0 | U63: 0 | W63: =(((A63-G63)*-1)/(C63/100)) -> 23.250324 | X63: =(((A63*-1)+H63)/(C63/100)) -> 50.866684 | Y63: =(((A63-I63)*-1)/(C63/100)) -> 16.964262 | Z63: =(((A63*-1)+J63)/(C63/100)) -> 57.152747 | AA63: =(((A63-L63)*-1)/(C63/100)) -> 16.964262 | AB63: =(((A63*-1)+M63)/(C63/100)) -> 57.152747 | AC63: =(O63/(C63/100)) -> 8.134904 | AD63: =((C63-P63)/(C63/100)) -> 87.427876 | AE63: =(((A63*-1)+Q63)/(C63/100)) -> 87 | AH63: 61 | AU63: =E63 -> 116.03297 | AV63: =AU63-0.11 -> 115.92297 | AW63: =AU63+0.11 -> 116.14297 | AX63: 4.1195062 | AY63: 0.4036425 | AZ63: =(W63/100)*(C63/1000) -> 0.62878078 | BA63: =(X63/100)*(C63/1000) -> 1.3756365 | BB63: =((AY63*(C63/1000))-AZ63)*-1 -> -0.46282827 | BC63: =BA63-(AY63*(C63/1000)) -> 0.2840274 | BD63: =AX63 -> 4.1195062 | BE63: 10 | BF63: 0.64936134 | BG63: =BF63/2 -> 0.32468067 | BH63: =(BG63*0.85)+BD63 -> 4.3954848 | BI63: -2.9327653 | BJ63: =TAN(RADIANS(BI63))*BG63 -> -0.016633768 | BK63: =SIN(RADIANS(BI63))*BG63 -> -0.016611982 | BL63: =0.02*BF63 -> 0.012987227 | BM63: =BB63-BJ63+BL63 -> -0.43320727 | BN63: =BC63-BJ63-BL63 -> 0.28767394 | BO63: =BB63-BK63 -> -0.44621629 | BP63: =BC63-BK63 -> 0.30063938 | BQ63: 61 | BR63: 116.03297 | BS63: =BM63 -> -0.43320727 | BT63: =BN63 -> 0.28767394 | BU63: =BH63 -> 4.3954848 | BV63: 10 | BW63: =AV63 -> 115.92297 | BX63: =AW63 -> 116.14297 | BY63: 0 | BZ63: =BR63/10 -> 11.603297 | CA63: 0 | CB63: 0 | CC63: 0 | CD63: 0 | CF63: 61 | CG63: =(AY63*(C63/1000))*-1 -> -1.0916091 | CH63: =CG63+(C63/1000) -> 1.6127867 | CI63: =CG63-BJ63 -> -1.0749753 | CJ63: =CH63-BJ63 -> 1.6294205 | CK63: =0.75*CG63 -> -0.81870679 | CL63: =0.75*CH63 -> 1.20959 | CN63: =AU63-0.5 -> 115.53297 | CO63: =AU63+0.5 -> 116.53297
A64: -907.41267 | B64: 1685.195 | C64: =(A64*-1)+B64 -> 2592.6076 | D64: 0.95744681 | E64: =D64*122.1399685 -> 116.94252 | F64: 2 | G64: -313.51932 | H64: 424.53965 | I64: -483.51932 | J64: 594.53965 | K64: 1078.059 | L64: -483.51932 | M64: 594.53965 | N64: 1078.059 | O64: 0 | P64: 0 | Q64: 0 | R64: 0 | S64: 0 | T64: 0 | U64: 0 | W64: =(((A64-G64)*-1)/(C64/100)) -> 22.907182 | X64: =(((A64*-1)+H64)/(C64/100)) -> 51.375006 | Y64: =(((A64-I64)*-1)/(C64/100)) -> 16.350077 | Z64: =(((A64*-1)+J64)/(C64/100)) -> 57.932111 | AA64: =(((A64-L64)*-1)/(C64/100)) -> 16.350077 | AB64: =(((A64*-1)+M64)/(C64/100)) -> 57.932111 | AC64: =(O64/(C64/100)) -> 0 | AD64: =((C64-P64)/(C64/100)) -> 100 | AE64: =(((A64*-1)+Q64)/(C64/100)) -> 35 | AH64: 62 | AU64: =E64 -> 116.94252 | AV64: =AU64-0.11 -> 116.83252 | AW64: =AU64+0.11 -> 117.05252 | AX64: 4.2045336 | AY64: 0.41222092 | AZ64: =(W64/100)*(C64/1000) -> 0.59389335 | BA64: =(X64/100)*(C64/1000) -> 1.3319523 | BB64: =((AY64*(C64/1000))-AZ64)*-1 -> -0.47483376 | BC64: =BA64-(AY64*(C64/1000)) -> 0.2632252 | BD64: =AX64 -> 4.2045336 | BE64: 10 | BF64: 0.62172719 | BG64: =BF64/2 -> 0.31086359 | BH64: =(BG64*0.85)+BD64 -> 4.4687677 | BI64: -3.0146929 | BJ64: =TAN(RADIANS(BI64))*BG64 -> -0.016371608 | BK64: =SIN(RADIANS(BI64))*BG64 -> -0.016348951 | BL64: =0.02*BF64 -> 0.012434544 | BM64: =BB64-BJ64+BL64 -> -0.44602761 | BN64: =BC64-BJ64-BL64 -> 0.26716227 | BO64: =BB64-BK64 -> -0.45848481 | BP64: =BC64-BK64 -> 0.27957416 | BQ64: 62 | BR64: 116.94252 | BS64: =BM64 -> -0.44602761 | BT64: =BN64 -> 0.26716227 | BU64: =BH64 -> 4.4687677 | BV64: 10 | BW64: =AV64 -> 116.83252 | BX64: =AW64 -> 117.05252 | BY64: 0 | BZ64: =BR64/10 -> 11.694252 | CA64: 0 | CB64: 0 | CC64: 0 | CD64: 0 | CF64: 62 | CG64: =(AY64*(C64/1000))*-1 -> -1.0687271 | CH64: =CG64+(C64/1000) -> 1.5238805 | CI64: =CG64-BJ64 -> -1.0523555 | CJ64: =CH64-BJ64 -> 1.5402521 | CK64: =0.75*CG64 -> -0.80154534 | CL64: =0.75*CH64 -> 1.1429104 | CN64: =AU64-0.5 -> 116.44252 | CO64: =AU64+0.5 -> 117.44252
A65: -753.77151 | B65: 1399.8614 | C65: =(A65*-1)+B65 -> 2153.6329 | D65: 0.9787234 | E65: =D65*122.1399685 -> 119.54125 | F65: 2 | G65: -301.40957 | H65: 411.51596 | I65: -471.40957 | J65: 581.51596 | K65: 1052.9255 | L65: -471.40957 | M65: 581.51596 | N65: 1052.9255 | O65: 0 | P65: 0 | Q65: 0 | R65: 0 | S65: 0 | T65: 0 | U65: 0 | W65: =(((A65-G65)*-1)/(C65/100)) -> 21.004598 | X65: =(((A65*-1)+H65)/(C65/100)) -> 54.10799 | Y65: =(((A65-I65)*-1)/(C65/100)) -> 13.11096 | Z65: =(((A65*-1)+J65)/(C65/100)) -> 62.001629 | AA65: =(((A65-L65)*-1)/(C65/100)) -> 13.11096 | AB65: =(((A65*-1)+M65)/(C65/100)) -> 62.001629 | AC65: =(O65/(C65/100)) -> 0 | AD65: =((C65-P65)/(C65/100)) -> 100 | AE65: =(((A65*-1)+Q65)/(C65/100)) -> 35 | AH65: 63 | AU65: =E65 -> 119.54125 | AV65: =AU65-0.11 -> 119.43125 | AW65: =AU65+0.11 -> 119.65125 | AX65: 4.4534767 | AY65: 0.44097494 | AZ65: =(W65/100)*(C65/1000) -> 0.45236194 | BA65: =(X65/100)*(C65/1000) -> 1.1652875 | BB65: =((AY65*(C65/1000))-AZ65)*-1 -> -0.49733619 | BC65: =BA65-(AY65*(C65/1000)) -> 0.21558934 | BD65: =AX65 -> 4.4534767 | BE65: 10 | BF65: 0.51036705 | BG65: =BF65/2 -> 0.25518353 | BH65: =(BG65*0.85)+BD65 -> 4.6703827 | BI65: -3.2317758 | BJ65: =TAN(RADIANS(BI65))*BG65 -> -0.014408944 | BK65: =SIN(RADIANS(BI65))*BG65 -> -0.014386028 | BL65: =0.02*BF65 -> 0.010207341 | BM65: =BB65-BJ65+BL65 -> -0.47271991 | BN65: =BC65-BJ65-BL65 -> 0.21979094 | BO65: =BB65-BK65 -> -0.48295016 | BP65: =BC65-BK65 -> 0.22997537 | BQ65: 63 | BR65: 119.54125 | BS65: -0.44 | BT65: =BN65 -> 0.21979094 | BU65: =BH65 -> 4.6703827 | BV65: 10 | BW65: =AV65 -> 119.43125 | BX65: =AW65 -> 119.65125 | BY65: 0 | BZ65: =BR65/10 -> 11.954125 | CA65: 0 | CB65: 0 | CC65: 0 | CD65: 0 | CF65: 63 | CG65: =(AY65*(C65/1000))*-1 -> -0.94969813 | CH65: =CG65+(C65/1000) -> 1.2039348 | CI65: =CG65-BJ65 -> -0.93528919 | CJ65: =CH65-BJ65 -> 1.2183437 | CK65: =0.75*CG65 -> -0.7122736 | CL65: =0.75*CH65 -> 0.90295107 | CN65: =AU65-0.5 -> 119.04125 | CO65: =AU65+0.5 -> 120.04125
A66: -729.18036 | B66: 1354.1921 | C66: =(A66*-1)+B66 -> 2083.3724 | D66: 0.9812 | E66: =D66*122.1399685 -> 119.84374 | F66: 2 | G66: -300 | H66: 410 | I66: -470 | J66: 580 | K66: 1050 | L66: -470 | M66: 580 | N66: 1050 | O66: 0 | P66: 0 | Q66: 0 | R66: 0 | S66: 0 | T66: 0 | U66: 0 | W66: =(((A66-G66)*-1)/(C66/100)) -> 20.60027 | X66: =(((A66*-1)+H66)/(C66/100)) -> 54.679631 | Y66: =(((A66-I66)*-1)/(C66/100)) -> 12.440424 | Z66: =(((A66*-1)+J66)/(C66/100)) -> 62.839477 | AA66: =(((A66-L66)*-1)/(C66/100)) -> 12.440424 | AB66: =(((A66*-1)+M66)/(C66/100)) -> 62.839477 | AC66: =(O66/(C66/100)) -> 0 | AD66: =((C66-P66)/(C66/100)) -> 100 | AE66: =(((A66*-1)+Q66)/(C66/100)) -> 35 | AH66: 64 | AU66: =E66 -> 119.84374 | AV66: =AU66-0.11 -> 119.73374 | AW66: =AU66+0.11 -> 119.95374 | AX66: 4.4828384 | AY66: 0.44459369 | AZ66: =(W66/100)*(C66/1000) -> 0.42918036 | BA66: =(X66/100)*(C66/1000) -> 1.1391804 | BB66: =((AY66*(C66/1000))-AZ66)*-1 -> -0.49707388 | BC66: =BA66-(AY66*(C66/1000)) -> 0.21292612 | BD66: =AX66 -> 4.4828384 | BE66: 10 | BF66: 0.49532961 | BG66: =BF66/2 -> 0.24766481 | BH66: =(BG66*0.85)+BD66 -> 4.6933535 | BI66: -3.2559559 | BJ66: =TAN(RADIANS(BI66))*BG66 -> -0.014089255 | BK66: =SIN(RADIANS(BI66))*BG66 -> -0.014066511 | BL66: =0.02*BF66 -> 0.0099065922 | BM66: =BB66-BJ66+BL66 -> -0.47307804 | BN66: =BC66-BJ66-BL66 -> 0.21710878 | BO66: =BB66-BK66 -> -0.48300737 | BP66: =BC66-BK66 -> 0.22699263 | BQ66: 64 | BR66: 119.84374 | BS66: -0.4 | BT66: =BN66 -> 0.21710878 | BU66: =BH66 -> 4.6933535 | BV66: 10 | BW66: =AV66 -> 119.73374 | BX66: =AW66 -> 119.95374 | BY66: 0 | BZ66: =BR66/10 -> 11.984374 | CA66: 0 | CB66: 0 | CC66: 0 | CD66: 0 | CF66: 64 | CG66: =(AY66*(C66/1000))*-1 -> -0.92625424 | CH66: =CG66+(C66/1000) -> 1.1571182 | CI66: =CG66-BJ66 -> -0.91216498 | CJ66: =CH66-BJ66 -> 1.1712075 | CK66: =0.75*CG66 -> -0.69469068 | CL66: =0.75*CH66 -> 0.86783865 | CN66: =AU66-0.5 -> 119.34374 | CO66: =AU66+0.5 -> 120.34374
A67: -14.84 | B67: 27.56 | C67: =(A67*-1)+B67 -> 42.4 | D67: 1 | E67: =D67*122.1399685 -> 122.13997 | F67: 3 | G67: 0 | H67: 0 | I67: 0 | J67: 0 | K67: 0 | L67: 0 | M67: 0 | N67: 0 | O67: 0 | P67: 0 | Q67: 0 | R67: 0 | S67: 0 | T67: 0 | U67: 0 | W67: =(((A67-G67)*-1)/(C67/100)) -> 35 | X67: =(((A67*-1)+H67)/(C67/100)) -> 35 | Y67: =(((A67-I67)*-1)/(C67/100)) -> 35 | Z67: =(((A67*-1)+J67)/(C67/100)) -> 35 | AA67: =(((A67-L67)*-1)/(C67/100)) -> 35 | AB67: =(((A67*-1)+M67)/(C67/100)) -> 35 | AC67: =(O67/(C67/100)) -> 0 | AD67: =((C67-P67)/(C67/100)) -> 100 | AE67: =(((A67*-1)+Q67)/(C67/100)) -> 35 | AH67: 65 | AU67: =E67 -> 122.13997 | AV67: =AU67-0.11 -> 122.02997 | AW67: =AU67+0.11 -> 122.24997 | AX67: 4.7113674 | AY67: -0.1405653 | AZ67: =(W67/100)*(C67/1000) -> 0.01484 | BA67: =(X67/100)*(C67/1000) -> 0.01484 | BB67: =((AY67*(C67/1000))-AZ67)*-1 -> 0.020799969 | BC67: =BA67-(AY67*(C67/1000)) -> 0.020799969 | BD67: =AX67 -> 4.7113674 | BE67: 10 | BF67: 0.011199414 | BG67: =BF67/2 -> 0.0055997071 | BH67: =(BG67*0.85)+BD67 -> 4.7161271 | BI67: -3.427993 | BJ67: =TAN(RADIANS(BI67))*BG67 -> -0.00033542949 | BK67: =SIN(RADIANS(BI67))*BG67 -> -0.00033482931 | BL67: =0.02*BF67 -> 0.00022398828 | BM67: =BB67-BJ67+BL67 -> 0.021359387 | BN67: =BC67-BJ67-BL67 -> 0.02091141 | BO67: =BB67-BK67 -> 0.021134798 | BP67: =BC67-BK67 -> 0.021134798 | BQ67: 65 | BR67: 122.13997 | BS67: =BM67 -> 0.021359387 | BT67: =BN67 -> 0.02091141 | BU67: =BH67 -> 4.7161271 | BV67: 10 | BW67: =AV67 -> 122.02997 | BX67: =AW67 -> 122.24997 | BY67: 0 | BZ67: =BR67/10 -> 12.213997 | CA67: 0 | CB67: 0 | CC67: 0 | CD67: 0 | CF67: 65 | CG67: =(AY67*(C67/1000))*-1 -> 0.0059599687 | CH67: =CG67+(C67/1000) -> 0.048359969 | CI67: =CG67-BJ67 -> 0.0062953982 | CJ67: =CH67-BJ67 -> 0.048695398 | CK67: =0.75*CG67 -> 0.0044699766 | CL67: =0.75*CH67 -> 0.036269977 | CN67: =AU67-0.5 -> 121.63997 | CO67: =AU67+0.5 -> 122.63997
AA69: PS equal to SS | AB69: PS equal to SS
W70: 0% und 100 % werden automatisch gesetzt. Alle weiteren rot markierten Werte sind nicht zu setzen!! | BR70: Linear Interpolation between stations for Ansys
BR72: =(BR27-BR26)/2 +BR26 -> 39.228239 | BS72: =(BS27-BS26)/2 +BS26 -> -0.92336675 | BT72: =(BT27-BT26)/2 +BT26 -> 0.44990856 | BU72: =(BU27-BU26)/2 +BU26 -> 1.583888 | BV72: =(BV27-BV26)/2 +BV26 -> 10 | BW72: =(BW27-BW26)/2 +BW26 -> 39.118239 | BX72: =(BX27-BX26)/2 +BX26 -> 39.338239 | BY72: =(BY27-BY26)/2 +BY26 -> 0 | ... CO72: =(CO27-CO26)/2 +CO26 -> 39.728239
BR73: =(BR38-BR37)/2 +BR37 -> 60.420304 | BS73: =(BS38-BS37)/2 +BS37 -> -0.63553028 | BT73: =(BT38-BT37)/2 +BT37 -> 0.57255718 | BU73: =(BU38-BU37)/2 +BU37 -> 1.6584237 | BV73: =(BV38-BV37)/2 +BV37 -> 10 | BW73: =(BW38-BW37)/2 +BW37 -> 60.310304 | BX73: =(BX38-BX37)/2 +BX37 -> 60.530304 | BY73: =(BY38-BY37)/2 +BY37 -> 0 | ... CO73: =(CO38-CO37)/2 +CO37 -> 60.920304
BR74: =(BR46-BR45)/2 +BR45 -> 78.676331 | BS74: =(BS46-BS45)/2 +BS45 -> -0.46157022 | BT74: =(BT46-BT45)/2 +BT45 -> 0.59153826 | BU74: =(BU46-BU45)/2 +BU45 -> 2.1387159 | BV74: =(BV46-BV45)/2 +BV45 -> 10 | BW74: =(BW46-BW45)/2 +BW45 -> 78.566331 | BX74: =(BX46-BX45)/2 +BX45 -> 78.786331 | BY74: =(BY46-BY45)/2 +BY45 -> 0 | ... CO74: =(CO46-CO45)/2 +CO45 -> 79.176331
BR75: =(BR54-BR53)/2 +BR53 -> 96.932358 | BS75: =(BS54-BS53)/2 +BS53 -> -0.39251226 | BT75: =(BT54-BT53)/2 +BT53 -> 0.49871255 | BU75: =(BU54-BU53)/2 +BU53 -> 3.0254929 | BV75: =(BV54-BV53)/2 +BV53 -> 10 | BW75: =(BW54-BW53)/2 +BW53 -> 96.822358 | BX75: =(BX54-BX53)/2 +BX53 -> 97.042358 | BY75: =(BY54-BY53)/2 +BY53 -> 0 | ... CO75: =(CO54-CO53)/2 +CO53 -> 97.432358
BR76: =(BR60-BR59)/2 +BR59 -> 109.53616 | BS76: =(BS60-BS59)/2 +BS59 -> -0.40156563 | BT76: =(BT60-BT59)/2 +BT59 -> 0.3764682 | BU76: =(BU60-BU59)/2 +BU59 -> 3.8836047 | BV76: =(BV60-BV59)/2 +BV59 -> 10 | BW76: =(BW60-BW59)/2 +BW59 -> 109.42616 | BX76: =(BX60-BX59)/2 +BX59 -> 109.64616 | BY76: =(BY60-BY59)/2 +BY59 -> 0 | ... CO76: =(CO60-CO59)/2 +CO59 -> 110.03616
BR77: =(BR63-BR62)/2 +BR62 -> 115.18839 | BS77: =(BS63-BS62)/2 +BS62 -> -0.42527708 | BT77: =(BT63-BT62)/2 +BT62 -> 0.30288246 | BU77: =(BU63-BU62)/2 +BU62 -> 4.3277636 | BV77: =(BV63-BV62)/2 +BV62 -> 10 | BW77: =(BW63-BW62)/2 +BW62 -> 115.07839 | BX77: =(BX63-BX62)/2 +BX62 -> 115.29839 | BY77: =(BY63-BY62)/2 +BY62 -> 0 | ... CO77: =(CO63-CO62)/2 +CO62 -> 115.68839
BR78: =(BR65-BR64)/2 +BR64 -> 118.24188 | BS78: =(BS65-BS64)/2 +BS64 -> -0.44301381 | BT78: =(BT65-BT64)/2 +BT64 -> 0.24347661 | BU78: =(BU65-BU64)/2 +BU64 -> 4.5695752 | BV78: =(BV65-BV64)/2 +BV64 -> 10 | BW78: =(BW65-BW64)/2 +BW64 -> 118.13188 | BX78: =(BX65-BX64)/2 +BX64 -> 118.35188 | BY78: =(BY65-BY64)/2 +BY64 -> 0 | ... CO78: =(CO65-CO64)/2 +CO64 -> 118.74188
BR79: =(BR66-BR65)/2 +BR65 -> 119.69249 | BS79: =(BS66-BS65)/2 +BS65 -> -0.42 | BT79: =(BT66-BT65)/2 +BT65 -> 0.21844986 | BU79: =(BU66-BU65)/2 +BU65 -> 4.6818681 | BV79: =(BV66-BV65)/2 +BV65 -> 10 | BW79: =(BW66-BW65)/2 +BW65 -> 119.58249 | BX79: =(BX66-BX65)/2 +BX65 -> 119.80249 | BY79: =(BY66-BY65)/2 +BY65 -> 0 | ... CO79: =(CO66-CO65)/2 +CO65 -> 120.19249
BR81: 1 | BS81: =_xll.SRS1Splines.Functions25.Linear_Interp($BR$3:$BR$67,$BS$3:$BS$67,BR81) -> -3.9695881 | BT81: =_xll.SRS1Splines.Functions25.Linear_Interp($BR$3:$BR$67,$BT$3:$BT$67,BR81) -> 2.2752286 | BU81: =_xll.SRS1Splines.Functions25.Linear_Interp($BR$3:$BR$67,$BU$3:$BU$67,BR81) -> 2.7682424 | BV81: 10 | BW81: =_xll.SRS1Splines.Functions25.Linear_Interp($BR$3:$BR$67,$BW$3:$BW$67,BR81) -> 0.90993939 | BX81: =_xll.SRS1Splines.Functions25.Linear_Interp($BR$3:$BR$67,$BX$3:$BX$67,BR81) -> 1.0900606
BR82: 2 | BS82: =_xll.SRS1Splines.Functions25.Linear_Interp($BR$3:$BR$67,$BS$3:$BS$67,BR82) -> -3.5840662 | BT82: =_xll.SRS1Splines.Functions25.Linear_Interp($BR$3:$BR$67,$BT$3:$BT$67,BR82) -> 1.9125404 | BU82: =_xll.SRS1Splines.Functions25.Linear_Interp($BR$3:$BR$67,$BU$3:$BU$67,BR82) -> 2.7719244 | BV82: 10 | BW82: =_xll.SRS1Splines.Functions25.Linear_Interp($BR$3:$BR$67,$BW$3:$BW$67,BR82) -> 1.89 | BX82: =_xll.SRS1Splines.Functions25.Linear_Interp($BR$3:$BR$67,$BX$3:$BX$67,BR82) -> 2.11
BR83: 3 | BS83: =_xll.SRS1Splines.Functions25.Linear_Interp($BR$3:$BR$67,$BS$3:$BS$67,BR83) -> -3.0877086 | BT83: =_xll.SRS1Splines.Functions25.Linear_Interp($BR$3:$BR$67,$BT$3:$BT$67,BR83) -> 1.4481868 | BU83: =_xll.SRS1Splines.Functions25.Linear_Interp($BR$3:$BR$67,$BU$3:$BU$67,BR83) -> 2.7729867 | BV83: 10 | BW83: =_xll.SRS1Splines.Functions25.Linear_Interp($BR$3:$BR$67,$BW$3:$BW$67,BR83) -> 2.89 | BX83: =_xll.SRS1Splines.Functions25.Linear_Interp($BR$3:$BR$67,$BX$3:$BX$67,BR83) -> 3.11
BR84: 4 | BS84: =_xll.SRS1Splines.Functions25.Linear_Interp($BR$3:$BR$67,$BS$3:$BS$67,BR84) -> -2.5867113 | BT84: =_xll.SRS1Splines.Functions25.Linear_Interp($BR$3:$BR$67,$BT$3:$BT$67,BR84) -> 0.98962204 | BU84: =_xll.SRS1Splines.Functions25.Linear_Interp($BR$3:$BR$67,$BU$3:$BU$67,BR84) -> 2.7624762 | BV84: 10 | BW84: =_xll.SRS1Splines.Functions25.Linear_Interp($BR$3:$BR$67,$BW$3:$BW$67,BR84) -> 3.89 | BX84: =_xll.SRS1Splines.Functions25.Linear_Interp($BR$3:$BR$67,$BX$3:$BX$67,BR84) -> 4.11
BR85: 5 | BS85: =_xll.SRS1Splines.Functions25.Linear_Interp($BR$3:$BR$67,$BS$3:$BS$67,BR85) -> -2.0855407 | BT85: =_xll.SRS1Splines.Functions25.Linear_Interp($BR$3:$BR$67,$BT$3:$BT$67,BR85) -> 0.53127344 | BU85: =_xll.SRS1Splines.Functions25.Linear_Interp($BR$3:$BR$67,$BU$3:$BU$67,BR85) -> 2.7515336 | BV85: 10 | BW85: =_xll.SRS1Splines.Functions25.Linear_Interp($BR$3:$BR$67,$BW$3:$BW$67,BR85) -> 4.89 | BX85: =_xll.SRS1Splines.Functions25.Linear_Interp($BR$3:$BR$67,$BX$3:$BX$67,BR85) -> 5.11
BR86: 6 | BS86: =_xll.SRS1Splines.Functions25.Linear_Interp($BR$3:$BR$67,$BS$3:$BS$67,BR86) -> -1.5831195 | BT86: =_xll.SRS1Splines.Functions25.Linear_Interp($BR$3:$BR$67,$BT$3:$BT$67,BR86) -> 0.075797099 | BU86: =_xll.SRS1Splines.Functions25.Linear_Interp($BR$3:$BR$67,$BU$3:$BU$67,BR86) -> 2.723396 | BV86: 10 | BW86: =_xll.SRS1Splines.Functions25.Linear_Interp($BR$3:$BR$67,$BW$3:$BW$67,BR86) -> 5.89 | BX86: =_xll.SRS1Splines.Functions25.Linear_Interp($BR$3:$BR$67,$BX$3:$BX$67,BR86) -> 6.11
BR87: 7 | BS87: =_xll.SRS1Splines.Functions25.Linear_Interp($BR$3:$BR$67,$BS$3:$BS$67,BR87) -> -1.5215614 | BT87: =_xll.SRS1Splines.Functions25.Linear_Interp($BR$3:$BR$67,$BT$3:$BT$67,BR87) -> 0.029624572 | BU87: =_xll.SRS1Splines.Functions25.Linear_Interp($BR$3:$BR$67,$BU$3:$BU$67,BR87) -> 2.6884878 | BV87: 10 | BW87: =_xll.SRS1Splines.Functions25.Linear_Interp($BR$3:$BR$67,$BW$3:$BW$67,BR87) -> 6.89 | BX87: =_xll.SRS1Splines.Functions25.Linear_Interp($BR$3:$BR$67,$BX$3:$BX$67,BR87) -> 7.11
BR88: 8 | BS88: =_xll.SRS1Splines.Functions25.Linear_Interp($BR$3:$BR$67,$BS$3:$BS$67,BR88) -> -1.5098668 | BT88: =_xll.SRS1Splines.Functions25.Linear_Interp($BR$3:$BR$67,$BT$3:$BT$67,BR88) -> 0.03560572 | BU88: =_xll.SRS1Splines.Functions25.Linear_Interp($BR$3:$BR$67,$BU$3:$BU$67,BR88) -> 2.6512666 | BV88: 10 | BW88: =_xll.SRS1Splines.Functions25.Linear_Interp($BR$3:$BR$67,$BW$3:$BW$67,BR88) -> 7.89 | BX88: =_xll.SRS1Splines.Functions25.Linear_Interp($BR$3:$BR$67,$BX$3:$BX$67,BR88) -> 8.11
BR89: 9 | BS89: =_xll.SRS1Splines.Functions25.Linear_Interp($BR$3:$BR$67,$BS$3:$BS$67,BR89) -> -1.4864652 | BT89: =_xll.SRS1Splines.Functions25.Linear_Interp($BR$3:$BR$67,$BT$3:$BT$67,BR89) -> 0.05407058 | BU89: =_xll.SRS1Splines.Functions25.Linear_Interp($BR$3:$BR$67,$BU$3:$BU$67,BR89) -> 2.6061996 | BV89: 10 | BW89: =_xll.SRS1Splines.Functions25.Linear_Interp($BR$3:$BR$67,$BW$3:$BW$67,BR89) -> 8.89 | BX89: =_xll.SRS1Splines.Functions25.Linear_Interp($BR$3:$BR$67,$BX$3:$BX$67,BR89) -> 9.11
BR90: 10 | BS90: =_xll.SRS1Splines.Functions25.Linear_Interp($BR$3:$BR$67,$BS$3:$BS$67,BR90) -> -1.4630636 | BT90: =_xll.SRS1Splines.Functions25.Linear_Interp($BR$3:$BR$67,$BT$3:$BT$67,BR90) -> 0.072535441 | BU90: =_xll.SRS1Splines.Functions25.Linear_Interp($BR$3:$BR$67,$BU$3:$BU$67,BR90) -> 2.5611327 | BV90: 10 | BW90: =_xll.SRS1Splines.Functions25.Linear_Interp($BR$3:$BR$67,$BW$3:$BW$67,BR90) -> 9.89 | BX90: =_xll.SRS1Splines.Functions25.Linear_Interp($BR$3:$BR$67,$BX$3:$BX$67,BR90) -> 10.11
BR91: 11 | BS91: =_xll.SRS1Splines.Functions25.Linear_Interp($BR$3:$BR$67,$BS$3:$BS$67,BR91) -> -1.4506953 | BT91: =_xll.SRS1Splines.Functions25.Linear_Interp($BR$3:$BR$67,$BT$3:$BT$67,BR91) -> 0.079365866 | BU91: =_xll.SRS1Splines.Functions25.Linear_Interp($BR$3:$BR$67,$BU$3:$BU$67,BR91) -> 2.5229459 | BV91: 10 | BW91: =_xll.SRS1Splines.Functions25.Linear_Interp($BR$3:$BR$67,$BW$3:$BW$67,BR91) -> 10.89 | BX91: =_xll.SRS1Splines.Functions25.Linear_Interp($BR$3:$BR$67,$BX$3:$BX$67,BR91) -> 11.11
BR92: 12 | BS92: =_xll.SRS1Splines.Functions25.Linear_Interp($BR$3:$BR$67,$BS$3:$BS$67,BR92) -> -1.4408008 | BT92: =_xll.SRS1Splines.Functions25.Linear_Interp($BR$3:$BR$67,$BT$3:$BT$67,BR92) -> 0.083635858 | BU92: =_xll.SRS1Splines.Functions25.Linear_Interp($BR$3:$BR$67,$BU$3:$BU$67,BR92) -> 2.4857939 | BV92: 10 | BW92: =_xll.SRS1Splines.Functions25.Linear_Interp($BR$3:$BR$67,$BW$3:$BW$67,BR92) -> 11.89 | BX92: =_xll.SRS1Splines.Functions25.Linear_Interp($BR$3:$BR$67,$BX$3:$BX$67,BR92) -> 12.11
... BR95: 15 | BS95: =_xll.SRS1Splines.Functions25.Linear_Interp($BR$3:$BR$67,$BS$3:$BS$67,BR95) -> -1.4099374 | BT95: =_xll.SRS1Splines.Functions25.Linear_Interp($BR$3:$BR$67,$BT$3:$BT$67,BR95) -> 0.073162543 | BU95: =_xll.SRS1Splines.Functions25.Linear_Interp($BR$3:$BR$67,$BU$3:$BU$67,BR95) -> 2.3762736 | BV95: 10 | BW95: =_xll.SRS1Splines.Functions25.Linear_Interp($BR$3:$BR$67,$BW$3:$BW$67,BR95) -> 14.89 | BX95: =_xll.SRS1Splines.Functions25.Linear_Interp($BR$3:$BR$67,$BX$3:$BX$67,BR95) -> 15.11
A96: 7.3464722e-05 | B96: -0.0046354652 | C96: -0.0099455352 | D96: -0.011862881 | E96: -0.021853535 | F96: -0.026131433 | G96: -0.034117282 | H96: -0.046641065 | I96: -0.047859514 | J96: -0.058494359 | K96: -0.063262601 | L96: -0.08027647 | M96: -0.099188642 | N96: -0.11263024 | O96: -0.12016623 | P96: -0.14375117 | Q96: -0.16941794 | R96: -0.17872845 | S96: -0.1979625 | T96: -0.22943686 | U96: -0.24981107 | V96: -0.26396671 | W96: -0.30179672 | X96: -0.34315604 | Y96: -0.35124688 | Z96: -0.38819735 | AA96: -0.43710545 | AB96: -0.4543789 | AC96: -0.49008208 | AD96: -0.54733078 | AE96: -0.60916127 | AF96: -0.67582207 | AG96: -0.6864421 | AH96: -0.74751124 | AI96: -0.82419137 | AJ96: -0.86440154 | AK96: -0.90620616 | AL96: -0.99369742 | AM96: -1.0868483 | AN96: -1.1858393 | AO96: -1.2909582 | AP96: -1.4022876 | AQ96: -1.5201299 | AR96: -1.587695 | AS96: -1.6446225 | AT96: -1.7760577 | AU96: -1.9145659 | AV96: -2.0601619 | AW96: -2.2134953 | AX96: -2.3747275 | AZ96: -2.5438781 | BA96: -2.6494235 | BB96: -2.7210759 | BC96: -2.9065587 | BD96: -3.1004835 | BE96: -3.3032524 | BF96: -3.5148122 | BI96: -3.5797194 | BJ96: -3.7353265 | BK96: -3.9651503 | BR96: 16 | BS96: =_xll.SRS1Splines.Functions25.Linear_Interp($BR$3:$BR$67,$BS$3:$BS$67,BR96) -> -1.3921565 | BT96: =_xll.SRS1Splines.Functions25.Linear_Interp($BR$3:$BR$67,$BT$3:$BT$67,BR96) -> 0.080081197 | BU96: =_xll.SRS1Splines.Functions25.Linear_Interp($BR$3:$BR$67,$BU$3:$BU$67,BR96) -> 2.3379106 | BV96: 10 | BW96: =_xll.SRS1Splines.Functions25.Linear_Interp($BR$3:$BR$67,$BW$3:$BW$67,BR96) -> 15.89 | BX96: =_xll.SRS1Splines.Functions25.Linear_Interp($BR$3:$BR$67,$BX$3:$BX$67,BR96) -> 16.11
A97: =A96*-1 -> -7.3464722e-05 | B97: =B96*-1 -> 0.0046354652 | C97: =C96*-1 -> 0.0099455352 | D97: =D96*-1 -> 0.011862881 | E97: =E96*-1 -> 0.021853535 | F97: =F96*-1 -> 0.026131433 | G97: =G96*-1 -> 0.034117282 | H97: =H96*-1 -> 0.046641065 | ... AX97: =AX96*-1 -> 2.3747275 | AZ97: =AZ96*-1 -> 2.5438781 | BA97: =BA96*-1 -> 2.6494235 | BB97: =BB96*-1 -> 2.7210759 | BC97: =BC96*-1 -> 2.9065587 | BD97: =BD96*-1 -> 3.1004835 | BE97: =BE96*-1 -> 3.3032524 | BF97: =BF96*-1 -> 3.5148122 | BI97: =BI96*-1 -> 3.5797194 | BJ97: =BJ96*-1 -> 3.7353265 | BK97: =BK96*-1 -> 3.9651503 | BR97: 17 | BS97: =_xll.SRS1Splines.Functions25.Linear_Interp($BR$3:$BR$67,$BS$3:$BS$67,BR97) -> -1.3729162 | BT97: =_xll.SRS1Splines.Functions25.Linear_Interp($BR$3:$BR$67,$BT$3:$BT$67,BR97) -> 0.09852563 | BU97: =_xll.SRS1Splines.Functions25.Linear_Interp($BR$3:$BR$67,$BU$3:$BU$67,BR97) -> 2.296952 | BV97: 10 | BW97: =_xll.SRS1Splines.Functions25.Linear_Interp($BR$3:$BR$67,$BW$3:$BW$67,BR97) -> 16.89 | BX97: =_xll.SRS1Splines.Functions25.Linear_Interp($BR$3:$BR$67,$BX$3:$BX$67,BR97) -> 17.11
A98: -7.3464722e-05 | B98: 0.0046354652 | C98: 0.0099455352 | D98: 0.011862881 | E98: 0.021853535 | F98: 0.026131433 | G98: 0.034117282 | H98: 0.046641065 | I98: 0.047859514 | J98: 0.058494359 | K98: 0.063262601 | L98: 0.08027647 | M98: 0.099188642 | N98: 0.11263024 | O98: 0.12016623 | P98: 0.14375117 | Q98: 0.16941794 | R98: 0.17872845 | S98: 0.1979625 | T98: 0.22943686 | U98: 0.24981107 | V98: 0.26396671 | W98: 0.30179672 | X98: 0.34315604 | Y98: 0.35124688 | Z98: 0.38819735 | AA98: 0.43710545 | AB98: 0.4543789 | AC98: 0.49008208 | AD98: 0.54733078 | AE98: 0.60916127 | AF98: 0.67582207 | AG98: 0.6864421 | AH98: 0.74751124 | AI98: 0.82419137 | AJ98: 0.86440154 | AK98: 0.90620616 | AL98: 0.99369742 | AM98: 1.0868483 | AN98: 1.1858393 | AO98: 1.2909582 | AP98: 1.4022876 | AQ98: 1.5201299 | AR98: 1.587695 | AS98: 1.6446225 | AT98: 1.7760577 | AU98: 1.9145659 | AV98: 2.0601619 | AW98: 2.2134953 | AX98: 2.3747275 | AZ98: 2.5438781 | BA98: 2.6494235 | BB98: 2.7210759 | BC98: 2.9065587 | BD98: 3.1004835 | BE98: 3.3032524 | BF98: 3.5148122 | BI98: 3.5797194 | BJ98: 3.7353265 | BK98: 3.9651503 | BR98: 18 | BS98: =_xll.SRS1Splines.Functions25.Linear_Interp($BR$3:$BR$67,$BS$3:$BS$67,BR98) -> -1.353676 | BT98: =_xll.SRS1Splines.Functions25.Linear_Interp($BR$3:$BR$67,$BT$3:$BT$67,BR98) -> 0.11697006 | BU98: =_xll.SRS1Splines.Functions25.Linear_Interp($BR$3:$BR$67,$BU$3:$BU$67,BR98) -> 2.2559934 | BV98: 10 | BW98: =_xll.SRS1Splines.Functions25.Linear_Interp($BR$3:$BR$67,$BW$3:$BW$67,BR98) -> 17.89 | BX98: =_xll.SRS1Splines.Functions25.Linear_Interp($BR$3:$BR$67,$BX$3:$BX$67,BR98) -> 18.11
BR99: 19 | BS99: =_xll.SRS1Splines.Functions25.Linear_Interp($BR$3:$BR$67,$BS$3:$BS$67,BR99) -> -1.3201984 | BT99: =_xll.SRS1Splines.Functions25.Linear_Interp($BR$3:$BR$67,$BT$3:$BT$67,BR99) -> 0.1561702 | BU99: =_xll.SRS1Splines.Functions25.Linear_Interp($BR$3:$BR$67,$BU$3:$BU$67,BR99) -> 2.2109219 | BV99: 10 | BW99: =_xll.SRS1Splines.Functions25.Linear_Interp($BR$3:$BR$67,$BW$3:$BW$67,BR99) -> 18.89 | BX99: =_xll.SRS1Splines.Functions25.Linear_Interp($BR$3:$BR$67,$BX$3:$BX$67,BR99) -> 19.11
A100: 0.50084487 | B100: 0.50095458 | C100: 0.50107829 | D100: 0.5010597 | E100: 0.5006271 | F100: 0.50099774 | G100: 0.50169004 | H100: 0.49836702 | I100: 0.49797982 | J100: 0.49460022 | K100: 0.4923872 | L100: 0.48156057 | M100: 0.46550362 | N100: 0.45011353 | O100: 0.44369266 | P100: 0.42951151 | Q100: 0.41853868 | R100: 0.41441999 | S100: 0.40663134 | T100: 0.39402439 | U100: 0.38616086 | V100: 0.38181445 | W100: 0.37937752 | X100: 0.37738659 | Y100: 0.37651549 | Z100: 0.37262039 | AA100: 0.367339 | AB100: 0.36542424 | AC100: 0.36140488 | AD100: 0.35809104 | AE100: 0.35762519 | AF100: 0.35626458 | AG100: 0.35615374 | AH100: 0.35542654 | AI100: 0.35442423 | AJ100: 0.35429614 | AK100: 0.35312749 | AL100: 0.35090991 | AM100: 0.35065676 | AN100: 0.34987853 | AO100: 0.34842923 | AP100: 0.34778124 | AQ100: 0.34707066 | AR100: 0.34674245 | AS100: 0.34692338 | AT100: 0.34743967 | AU100: 0.34651663 | AV100: 0.34764973 | AW100: 0.34964703 | AX100: 0.35126618 | AY100: 0.3533479 | AZ100: 0.35377652 | BA100: 0.35442266 | BB100: 0.35732826 | BC100: 0.36133869 | BD100: 0.36681286 | BE100: 0.37409959 | BF100: 0.37781325 | BI100: 0.38326019 | BJ100: 0.3924313 | BK100: 0.4036425 | BR100: 20 | BS100: =_xll.SRS1Splines.Functions25.Linear_Interp($BR$3:$BR$67,$BS$3:$BS$67,BR100) -> -1.2827347 | BT100: =_xll.SRS1Splines.Functions25.Linear_Interp($BR$3:$BR$67,$BT$3:$BT$67,BR100) -> 0.19981557 | BU100: =_xll.SRS1Splines.Functions25.Linear_Interp($BR$3:$BR$67,$BU$3:$BU$67,BR100) -> 2.1649298 | BV100: 10 | BW100: =_xll.SRS1Splines.Functions25.Linear_Interp($BR$3:$BR$67,$BW$3:$BW$67,BR100) -> 19.89 | BX100: =_xll.SRS1Splines.Functions25.Linear_Interp($BR$3:$BR$67,$BX$3:$BX$67,BR100) -> 20.11
BR101: 21 | BS101: =_xll.SRS1Splines.Functions25.Linear_Interp($BR$3:$BR$67,$BS$3:$BS$67,BR101) -> -1.2423687 | BT101: =_xll.SRS1Splines.Functions25.Linear_Interp($BR$3:$BR$67,$BT$3:$BT$67,BR101) -> 0.23560766 | BU101: =_xll.SRS1Splines.Functions25.Linear_Interp($BR$3:$BR$67,$BU$3:$BU$67,BR101) -> 2.1194317 | BV101: 10 | BW101: =_xll.SRS1Splines.Functions25.Linear_Interp($BR$3:$BR$67,$BW$3:$BW$67,BR101) -> 20.89 | BX101: =_xll.SRS1Splines.Functions25.Linear_Interp($BR$3:$BR$67,$BX$3:$BX$67,BR101) -> 21.11
A102: 6.5049581 | B102: 6.5044983 | C102: 6.5039797 | D102: 6.4964012 | E102: 6.4176928 | F102: 6.3383559 | G102: 6.1796126 | H102: 5.8966772 | I102: 5.8766291 | J102: 5.6925861 | K102: 5.615054 | L102: 5.3513681 | M102: 5.0564216 | N102: 4.8386992 | O102: 4.7266834 | P102: 4.3926811 | Q102: 4.0637417 | R102: 3.9565373 | S102: 3.7634529 | T102: 3.5061838 | U102: 3.3691955 | V102: 3.2889737 | W102: 3.097842 | X102: 2.925637 | Y102: 2.8940643 | Z102: 2.7693531 | AA102: 2.6266821 | AB102: 2.5816676 | AC102: 2.4948738 | AD102: 2.3713151 | AE102: 2.2543452 | AF102: 2.1433357 | AG102: 2.1273397 | AH102: 2.038416 | AI102: 1.9393265 | AJ102: 1.8918604 | AK102: 1.8459465 | AL102: 1.7580457 | AM102: 1.6754051 | AN102: 1.5977832 | AO102: 1.5250143 | AP102: 1.4567822 | AQ102: 1.3927891 | AR102: 1.3592272 | AS102: 1.3326689 | AT102: 1.2761918 | AU102: 1.2226664 | AV102: 1.1711332 | AW102: 1.1208583 | AX102: 1.0714872 | AY102: 1.0232213 | AZ102: 0.994859 | BA102: 0.97613382 | BB102: 0.93021134 | BC102: 0.88547125 | BD102: 0.84189264 | BE102: 0.79809231 | BF102: 0.78467902 | BI102: 0.75045508 | BJ102: 0.6938635 | BK102: 0.64936134 | BR102: 22 | BS102: =_xll.SRS1Splines.Functions25.Linear_Interp($BR$3:$BR$67,$BS$3:$BS$67,BR102) -> -1.2144405 | BT102: =_xll.SRS1Splines.Functions25.Linear_Interp($BR$3:$BR$67,$BT$3:$BT$67,BR102) -> 0.25900539 | BU102: =_xll.SRS1Splines.Functions25.Linear_Interp($BR$3:$BR$67,$BU$3:$BU$67,BR102) -> 2.0738839 | BV102: 10 | BW102: =_xll.SRS1Splines.Functions25.Linear_Interp($BR$3:$BR$67,$BW$3:$BW$67,BR102) -> 21.89 | BX102: =_xll.SRS1Splines.Functions25.Linear_Interp($BR$3:$BR$67,$BX$3:$BX$67,BR102) -> 22.11
BR103: 23 | BS103: =_xll.SRS1Splines.Functions25.Linear_Interp($BR$3:$BR$67,$BS$3:$BS$67,BR103) -> -1.1865124 | BT103: =_xll.SRS1Splines.Functions25.Linear_Interp($BR$3:$BR$67,$BT$3:$BT$67,BR103) -> 0.28240313 | BU103: =_xll.SRS1Splines.Functions25.Linear_Interp($BR$3:$BR$67,$BU$3:$BU$67,BR103) -> 2.0283361 | BV103: 10 | BW103: =_xll.SRS1Splines.Functions25.Linear_Interp($BR$3:$BR$67,$BW$3:$BW$67,BR103) -> 22.89 | BX103: =_xll.SRS1Splines.Functions25.Linear_Interp($BR$3:$BR$67,$BX$3:$BX$67,BR103) -> 23.11
A104: 14.5 | B104: 14.5 | C104: 14.5 | D104: 14.5 | E104: 14.5 | F104: 14.5 | G104: 14.499616 | H104: 14.48432 | I104: 14.473372 | J104: 14.377817 | K104: 14.304637 | L104: 13.88473 | M104: 13.15914 | N104: 12.54017 | O104: 12.15495 | P104: 10.974158 | Q104: 9.8259711 | R104: 9.4721427 | S104: 8.8957217 | T104: 8.1951667 | U104: 7.838942 | V104: 7.6386873 | W104: 7.1779082 | X104: 6.7748852 | Y104: 6.700769 | Z104: 6.4034422 | AA104: 6.0419876 | AB104: 5.9246338 | AC104: 5.695271 | AD104: 5.3691155 | AE104: 5.0418342 | AF104: 4.7071344 | AG104: 4.6547984 | AH104: 4.355687 | AI104: 3.9912213 | AJ104: 3.8054896 | AK104: 3.6173529 | AL104: 3.2364788 | AM104: 2.8518313 | AN104: 2.4660824 | AO104: 2.0821485 | AP104: 1.7021384 | AQ104: 1.3293674 | AR104: 1.1283024 | AS104: 0.96621525 | AT104: 0.61494881 | AU104: 0.2764479 | AV104: -0.048799472 | AW104: -0.35927096 | AX104: -0.65496343 | AY104: -0.93782981 | AZ104: -1.1021362 | BA104: -1.2103895 | BB104: -1.4755616 | BC104: -1.737009 | BD104: -1.9968284 | BE104: -2.2570538 | BF104: -2.3353516 | BI104: -2.5176797 | BJ104: -2.7735638 | BK104: -2.9327653 | BR104: 24 | BS104: =_xll.SRS1Splines.Functions25.Linear_Interp($BR$3:$BR$67,$BS$3:$BS$67,BR104) -> -1.1671407 | BT104: =_xll.SRS1Splines.Functions25.Linear_Interp($BR$3:$BR$67,$BT$3:$BT$67,BR104) -> 0.29719676 | BU104: =_xll.SRS1Splines.Functions25.Linear_Interp($BR$3:$BR$67,$BU$3:$BU$67,BR104) -> 1.9837846 | BV104: 10 | BW104: =_xll.SRS1Splines.Functions25.Linear_Interp($BR$3:$BR$67,$BW$3:$BW$67,BR104) -> 23.89 | BX104: =_xll.SRS1Splines.Functions25.Linear_Interp($BR$3:$BR$67,$BX$3:$BX$67,BR104) -> 24.11
BR105: 25 | BS105: =_xll.SRS1Splines.Functions25.Linear_Interp($BR$3:$BR$67,$BS$3:$BS$67,BR105) -> -1.1532052 | BT105: =_xll.SRS1Splines.Functions25.Linear_Interp($BR$3:$BR$67,$BT$3:$BT$67,BR105) -> 0.30652389 | BU105: =_xll.SRS1Splines.Functions25.Linear_Interp($BR$3:$BR$67,$BU$3:$BU$67,BR105) -> 1.9398659 | BV105: 10 | BW105: =_xll.SRS1Splines.Functions25.Linear_Interp($BR$3:$BR$67,$BW$3:$BW$67,BR105) -> 24.89 | BX105: =_xll.SRS1Splines.Functions25.Linear_Interp($BR$3:$BR$67,$BX$3:$BX$67,BR105) -> 25.11
BR106: 26 | BS106: =_xll.SRS1Splines.Functions25.Linear_Interp($BR$3:$BR$67,$BS$3:$BS$67,BR106) -> -1.1392666 | BT106: =_xll.SRS1Splines.Functions25.Linear_Interp($BR$3:$BR$67,$BT$3:$BT$67,BR106) -> 0.31585142 | BU106: =_xll.SRS1Splines.Functions25.Linear_Interp($BR$3:$BR$67,$BU$3:$BU$67,BR106) -> 1.8959841 | BV106: 10 | BW106: =_xll.SRS1Splines.Functions25.Linear_Interp($BR$3:$BR$67,$BW$3:$BW$67,BR106) -> 25.89 | BX106: =_xll.SRS1Splines.Functions25.Linear_Interp($BR$3:$BR$67,$BX$3:$BX$67,BR106) -> 26.11
BR107: 27 | BS107: =_xll.SRS1Splines.Functions25.Linear_Interp($BR$3:$BR$67,$BS$3:$BS$67,BR107) -> -1.1232775 | BT107: =_xll.SRS1Splines.Functions25.Linear_Interp($BR$3:$BR$67,$BT$3:$BT$67,BR107) -> 0.32697703 | BU107: =_xll.SRS1Splines.Functions25.Linear_Interp($BR$3:$BR$67,$BU$3:$BU$67,BR107) -> 1.8555239 | BV107: 10 | BW107: =_xll.SRS1Splines.Functions25.Linear_Interp($BR$3:$BR$67,$BW$3:$BW$67,BR107) -> 26.89 | BX107: =_xll.SRS1Splines.Functions25.Linear_Interp($BR$3:$BR$67,$BX$3:$BX$67,BR107) -> 27.11
BR108: 28 | BS108: =_xll.SRS1Splines.Functions25.Linear_Interp($BR$3:$BR$67,$BS$3:$BS$67,BR108) -> -1.0950771 | BT108: =_xll.SRS1Splines.Functions25.Linear_Interp($BR$3:$BR$67,$BT$3:$BT$67,BR108) -> 0.35000903 | BU108: =_xll.SRS1Splines.Functions25.Linear_Interp($BR$3:$BR$67,$BU$3:$BU$67,BR108) -> 1.8188935 | BV108: 10 | BW108: =_xll.SRS1Splines.Functions25.Linear_Interp($BR$3:$BR$67,$BW$3:$BW$67,BR108) -> 27.89 | BX108: =_xll.SRS1Splines.Functions25.Linear_Interp($BR$3:$BR$67,$BX$3:$BX$67,BR108) -> 28.11
BR109: 29 | BS109: =_xll.SRS1Splines.Functions25.Linear_Interp($BR$3:$BR$67,$BS$3:$BS$67,BR109) -> -1.0674031 | BT109: =_xll.SRS1Splines.Functions25.Linear_Interp($BR$3:$BR$67,$BT$3:$BT$67,BR109) -> 0.37228971 | BU109: =_xll.SRS1Splines.Functions25.Linear_Interp($BR$3:$BR$67,$BU$3:$BU$67,BR109) -> 1.7850239 | BV109: 10 | BW109: =_xll.SRS1Splines.Functions25.Linear_Interp($BR$3:$BR$67,$BW$3:$BW$67,BR109) -> 28.89 | BX109: =_xll.SRS1Splines.Functions25.Linear_Interp($BR$3:$BR$67,$BX$3:$BX$67,BR109) -> 29.11
BR110: 30 | BS110: =_xll.SRS1Splines.Functions25.Linear_Interp($BR$3:$BR$67,$BS$3:$BS$67,BR110) -> -1.0404741 | BT110: =_xll.SRS1Splines.Functions25.Linear_Interp($BR$3:$BR$67,$BT$3:$BT$67,BR110) -> 0.39350715 | BU110: =_xll.SRS1Splines.Functions25.Linear_Interp($BR$3:$BR$67,$BU$3:$BU$67,BR110) -> 1.7550611 | BV110: 10 | BW110: =_xll.SRS1Splines.Functions25.Linear_Interp($BR$3:$BR$67,$BW$3:$BW$67,BR110) -> 29.89 | BX110: =_xll.SRS1Splines.Functions25.Linear_Interp($BR$3:$BR$67,$BX$3:$BX$67,BR110) -> 30.11
BR111: 31 | BS111: =_xll.SRS1Splines.Functions25.Linear_Interp($BR$3:$BR$67,$BS$3:$BS$67,BR111) -> -1.0135452 | BT111: =_xll.SRS1Splines.Functions25.Linear_Interp($BR$3:$BR$67,$BT$3:$BT$67,BR111) -> 0.4147246 | BU111: =_xll.SRS1Splines.Functions25.Linear_Interp($BR$3:$BR$67,$BU$3:$BU$67,BR111) -> 1.7250983 | BV111: 10 | BW111: =_xll.SRS1Splines.Functions25.Linear_Interp($BR$3:$BR$67,$BW$3:$BW$67,BR111) -> 30.89 | BX111: =_xll.SRS1Splines.Functions25.Linear_Interp($BR$3:$BR$67,$BX$3:$BX$67,BR111) -> 31.11
BR112: 32 | BS112: =_xll.SRS1Splines.Functions25.Linear_Interp($BR$3:$BR$67,$BS$3:$BS$67,BR112) -> -0.98368112 | BT112: =_xll.SRS1Splines.Functions25.Linear_Interp($BR$3:$BR$67,$BT$3:$BT$67,BR112) -> 0.43848817 | BU112: =_xll.SRS1Splines.Functions25.Linear_Interp($BR$3:$BR$67,$BU$3:$BU$67,BR112) -> 1.6999518 | BV112: 10 | BW112: =_xll.SRS1Splines.Functions25.Linear_Interp($BR$3:$BR$67,$BW$3:$BW$67,BR112) -> 31.89 | BX112: =_xll.SRS1Splines.Functions25.Linear_Interp($BR$3:$BR$67,$BX$3:$BX$67,BR112) -> 32.11
BR113: 33 | BS113: =_xll.SRS1Splines.Functions25.Linear_Interp($BR$3:$BR$67,$BS$3:$BS$67,BR113) -> -0.952839 | BT113: =_xll.SRS1Splines.Functions25.Linear_Interp($BR$3:$BR$67,$BT$3:$BT$67,BR113) -> 0.46305613 | BU113: =_xll.SRS1Splines.Functions25.Linear_Interp($BR$3:$BR$67,$BU$3:$BU$67,BR113) -> 1.6770126 | BV113: 10 | BW113: =_xll.SRS1Splines.Functions25.Linear_Interp($BR$3:$BR$67,$BW$3:$BW$67,BR113) -> 32.89 | BX113: =_xll.SRS1Splines.Functions25.Linear_Interp($BR$3:$BR$67,$BX$3:$BX$67,BR113) -> 33.11
BR114: 34 | BS114: =_xll.SRS1Splines.Functions25.Linear_Interp($BR$3:$BR$67,$BS$3:$BS$67,BR114) -> -0.92751032 | BT114: =_xll.SRS1Splines.Functions25.Linear_Interp($BR$3:$BR$67,$BT$3:$BT$67,BR114) -> 0.48180199 | BU114: =_xll.SRS1Splines.Functions25.Linear_Interp($BR$3:$BR$67,$BU$3:$BU$67,BR114) -> 1.6581631 | BV114: 10 | BW114: =_xll.SRS1Splines.Functions25.Linear_Interp($BR$3:$BR$67,$BW$3:$BW$67,BR114) -> 33.89 | BX114: =_xll.SRS1Splines.Functions25.Linear_Interp($BR$3:$BR$67,$BX$3:$BX$67,BR114) -> 34.11
BR115: 35 | BS115: =_xll.SRS1Splines.Functions25.Linear_Interp($BR$3:$BR$67,$BS$3:$BS$67,BR115) -> -0.92567002 | BT115: =_xll.SRS1Splines.Functions25.Linear_Interp($BR$3:$BR$67,$BT$3:$BT$67,BR115) -> 0.47691277 | BU115: =_xll.SRS1Splines.Functions25.Linear_Interp($BR$3:$BR$67,$BU$3:$BU$67,BR115) -> 1.6414622 | BV115: 10 | BW115: =_xll.SRS1Splines.Functions25.Linear_Interp($BR$3:$BR$67,$BW$3:$BW$67,BR115) -> 34.89 | BX115: =_xll.SRS1Splines.Functions25.Linear_Interp($BR$3:$BR$67,$BX$3:$BX$67,BR115) -> 35.11
BR116: 36 | BS116: =_xll.SRS1Splines.Functions25.Linear_Interp($BR$3:$BR$67,$BS$3:$BS$67,BR116) -> -0.92382972 | BT116: =_xll.SRS1Splines.Functions25.Linear_Interp($BR$3:$BR$67,$BT$3:$BT$67,BR116) -> 0.47202354 | BU116: =_xll.SRS1Splines.Functions25.Linear_Interp($BR$3:$BR$67,$BU$3:$BU$67,BR116) -> 1.6247613 | BV116: 10 | BW116: =_xll.SRS1Splines.Functions25.Linear_Interp($BR$3:$BR$67,$BW$3:$BW$67,BR116) -> 35.89 | BX116: =_xll.SRS1Splines.Functions25.Linear_Interp($BR$3:$BR$67,$BX$3:$BX$67,BR116) -> 36.11
... BR199: 119 | BS199: =_xll.SRS1Splines.Functions25.Linear_Interp($BR$3:$BR$67,$BS$3:$BS$67,BR199) -> -0.44125539 | BT199: =_xll.SRS1Splines.Functions25.Linear_Interp($BR$3:$BR$67,$BT$3:$BT$67,BR199) -> 0.22965715 | BU199: =_xll.SRS1Splines.Functions25.Linear_Interp($BR$3:$BR$67,$BU$3:$BU$67,BR199) -> 4.6283916 | BV199: 10 | BW199: =_xll.SRS1Splines.Functions25.Linear_Interp($BR$3:$BR$67,$BW$3:$BW$67,BR199) -> 118.89 | BX199: =_xll.SRS1Splines.Functions25.Linear_Interp($BR$3:$BR$67,$BX$3:$BX$67,BR199) -> 119.11

Sheet BladeCompThickness
A1: Eta | B1: Topology | C1: Thickness Shell TE SS | D1: Thickness Shell LE SS | E1: Thickness Shell LE PS | F1: Thickness Shell TE PS | G1: Thickness Root Reinforcement | H1: Thickness Spar SS | I1: Thickness Spar PS | J1: Thickness Front Web | K1: Thickness Rear Web | L1: Thickness Third Web | M1: Thickness LE Reinforcement | N1: Thickness TE Reinforcement | O1: Thickness Extra Comp 1 | P1: Thickness Extra Comp 2 | Q1: Thickness Extra Comp 3 | R1: Thickness Core Shell TE SS | S1: Thickness Core Shell LE SS | T1: Thickness Core Shell LE PS | U1: Thickness Core Shell TE PS | V1: Thickness Core Front Web | W1: Thickness Core Second Web | X1: Thickness Core Third Web | Y1: Point Mass | Z1: Non Structural Mass | AB1: Eta | AC1: Thickness Core Shell TE SS | AD1: Thickness Core Shell LE SS | AE1: Thickness Core Shell LE PS | AF1: Thickness Core Shell TE PS
A2: [-] | B2: [-] | C2: [mm] | D2: [mm] | E2: [mm] | F2: [mm] | G2: [mm] | H2: [mm] | I2: [mm] | J2: [mm] | K2: [mm] | L2: [mm] | M2: [mm] | N2: [mm] | O2: [mm] | P2: [mm] | Q2: [mm] | R2: [mm] | S2: [mm] | T2: [mm] | U2: [mm] | V2: [mm] | W2: [mm] | X2: [mm] | Y2: [kg] | Z2: [kg/m] | AB2: [-] | AC2: [mm] | AD2: [mm] | AE2: [mm] | AF2: [mm]
A3: 0 | B3: 1 | C3: 55 | D3: 55 | E3: 55 | F3: 55 | G3: 19 | H3: 0 | I3: 0 | J3: 0 | K3: 0 | L3: 0 | M3: 0 | N3: 0 | O3: 0 | P3: 0 | Q3: 0 | R3: =_xll.SRS1Splines.Functions25.Linear_Interp($AB$3:$AB$21,$AC$3:$AC$21,A3) -> 0 | S3: =_xll.SRS1Splines.Functions25.Linear_Interp($AB$3:$AB$21,$AD$3:$AD$21,A3) -> 0 | T3: =_xll.SRS1Splines.Functions25.Linear_Interp($AB$3:$AB$21,$AE$3:$AE$21,A3) -> 0 | U3: =_xll.SRS1Splines.Functions25.Linear_Interp($AB$3:$AB$21,$AF$3:$AF$21,A3) -> 0 | V3: 0 | W3: 0 | X3: 0 | Y3: 0 | Z3: 119.99773 | AB3: 0 | AC3: 0 | AD3: 0 | AE3: 0 | AF3: 0
A4: 0.01 | B4: 1 | C4: 55 | D4: 55 | E4: 55 | F4: 55 | G4: 19 | H4: 0 | I4: 0 | J4: 0 | K4: 0 | L4: 0 | M4: 0 | N4: 0 | O4: 0 | P4: 0 | Q4: 0 | R4: =_xll.SRS1Splines.Functions25.Linear_Interp($AB$3:$AB$21,$AC$3:$AC$21,A4) -> 0 | S4: =_xll.SRS1Splines.Functions25.Linear_Interp($AB$3:$AB$21,$AD$3:$AD$21,A4) -> 0 | T4: =_xll.SRS1Splines.Functions25.Linear_Interp($AB$3:$AB$21,$AE$3:$AE$21,A4) -> 0 | U4: =_xll.SRS1Splines.Functions25.Linear_Interp($AB$3:$AB$21,$AF$3:$AF$21,A4) -> 0 | V4: 0 | W4: 0 | X4: 0 | Y4: 0 | Z4: 119.99773 | AB4: 0.01 | AC4: 0 | AD4: 0 | AE4: 0 | AF4: 0
A5: 0.021276596 | B5: 2 | C5: 39.964539 | D5: 39.964539 | E5: 39.964539 | F5: 39.964539 | G5: 19 | H5: 10 | I5: 1.8992921 | J5: 0 | K5: 0 | L5: 0 | M5: 0 | N5: 0 | O5: 0 | P5: 0 | Q5: 0 | R5: =_xll.SRS1Splines.Functions25.Linear_Interp($AB$3:$AB$21,$AC$3:$AC$21,A5) -> 0.75177305 | S5: =_xll.SRS1Splines.Functions25.Linear_Interp($AB$3:$AB$21,$AD$3:$AD$21,A5) -> 0.75177305 | T5: =_xll.SRS1Splines.Functions25.Linear_Interp($AB$3:$AB$21,$AE$3:$AE$21,A5) -> 0.75177305 | U5: =_xll.SRS1Splines.Functions25.Linear_Interp($AB$3:$AB$21,$AF$3:$AF$21,A5) -> 0.75177305 | V5: 0.75177305 | W5: 0.75177305 | X5: 0 | Y5: 0 | Z5: 129.67561 | AB5: 0.025 | AC5: 1 | AD5: 1 | AE5: 1 | AF5: 1
A6: 0.025 | B6: 2 | C6: 35 | D6: 35 | E6: 35 | F6: 35 | G6: 19 | H6: 9.5490488 | I6: 4.1381521 | J6: 0 | K6: 0 | L6: 0 | M6: 0 | N6: 0 | O6: 0 | P6: 0 | Q6: 0 | R6: =_xll.SRS1Splines.Functions25.Linear_Interp($AB$3:$AB$21,$AC$3:$AC$21,A6) -> 1 | S6: =_xll.SRS1Splines.Functions25.Linear_Interp($AB$3:$AB$21,$AD$3:$AD$21,A6) -> 1 | T6: =_xll.SRS1Splines.Functions25.Linear_Interp($AB$3:$AB$21,$AE$3:$AE$21,A6) -> 1 | U6: =_xll.SRS1Splines.Functions25.Linear_Interp($AB$3:$AB$21,$AF$3:$AF$21,A6) -> 1 | V6: 1 | W6: 1 | X6: 0 | Y6: 0 | Z6: 132.87113 | AB6: 0.05 | AC6: 7 | AD6: 5 | AE6: 5 | AF6: 5
A7: 0.042553191 | B7: 2 | C7: 30.787234 | D7: 30.787234 | E7: 30.787234 | F7: 30.787234 | G7: 17.946809 | H7: 12.374622 | I7: 10.962843 | J7: 0 | K7: 0 | L7: 0 | M7: 0 | N7: 0 | O7: 0 | P7: 0 | Q7: 0 | R7: =_xll.SRS1Splines.Functions25.Linear_Interp($AB$3:$AB$21,$AC$3:$AC$21,A7) -> 5.212766 | S7: =_xll.SRS1Splines.Functions25.Linear_Interp($AB$3:$AB$21,$AD$3:$AD$21,A7) -> 3.8085106 | T7: =_xll.SRS1Splines.Functions25.Linear_Interp($AB$3:$AB$21,$AE$3:$AE$21,A7) -> 3.8085106 | U7: =_xll.SRS1Splines.Functions25.Linear_Interp($AB$3:$AB$21,$AF$3:$AF$21,A7) -> 3.8085106 | V7: 72.617021 | W7: 65.595745 | X7: 0 | Y7: 0 | Z7: 157.66722 | AB7: 0.083 | AC7: 11 | AD7: 7 | AE7: 7 | AF7: 11
A8: 0.05 | B8: 2 | C8: 29 | D8: 29 | E8: 29 | F8: 29 | G8: 17.5 | H8: 13.57335 | I8: 13.858166 | J8: 4 | K8: 4 | L8: 0 | M8: 0 | N8: 0 | O8: 0 | P8: 0 | Q8: 0 | R8: =_xll.SRS1Splines.Functions25.Linear_Interp($AB$3:$AB$21,$AC$3:$AC$21,A8) -> 7 | S8: =_xll.SRS1Splines.Functions25.Linear_Interp($AB$3:$AB$21,$AD$3:$AD$21,A8) -> 5 | T8: =_xll.SRS1Splines.Functions25.Linear_Interp($AB$3:$AB$21,$AE$3:$AE$21,A8) -> 5 | U8: =_xll.SRS1Splines.Functions25.Linear_Interp($AB$3:$AB$21,$AF$3:$AF$21,A8) -> 5 | V8: 103 | W8: 93 | X8: 0 | Y8: 0 | Z8: 168.18678 | AB8: 0.1 | AC8: 17 | AD8: 9 | AE8: 9 | AF8: 19
A9: 0.063829787 | B9: 2 | C9: 27.757804 | D9: 27.757804 | E9: 27.757804 | F9: 27.757804 | G9: 16.464836 | H9: 17.491202 | I9: 17.7443 | J9: 4 | K9: 4 | L9: 0 | M9: 0 | N9: 0 | O9: 0 | P9: 0 | Q9: 0 | R9: =_xll.SRS1Splines.Functions25.Linear_Interp($AB$3:$AB$21,$AC$3:$AC$21,A9) -> 8.6763378 | S9: =_xll.SRS1Splines.Functions25.Linear_Interp($AB$3:$AB$21,$AD$3:$AD$21,A9) -> 5.8381689 | T9: =_xll.SRS1Splines.Functions25.Linear_Interp($AB$3:$AB$21,$AE$3:$AE$21,A9) -> 5.8381689 | U9: =_xll.SRS1Splines.Functions25.Linear_Interp($AB$3:$AB$21,$AF$3:$AF$21,A9) -> 7.5145068 | V9: 101.34374 | W9: 89.687476 | X9: 0 | Y9: 0 | Z9: 200.43224 | AB9: 0.163 | AC9: 59 | AD9: 13 | AE9: 15 | AF9: 77
A10: 0.0834 | B10: 2 | C10: 26 | D10: 26 | E10: 26 | F10: 26 | G10: 15 | H10: 23.035263 | I10: 23.243478 | J10: 4 | K10: 4 | L10: 0 | M10: 0 | N10: 0 | O10: 0 | P10: 0 | Q10: 0 | R10: =_xll.SRS1Splines.Functions25.Linear_Interp($AB$3:$AB$21,$AC$3:$AC$21,A10) -> 11.141176 | S10: =_xll.SRS1Splines.Functions25.Linear_Interp($AB$3:$AB$21,$AD$3:$AD$21,A10) -> 7.0470588 | T10: =_xll.SRS1Splines.Functions25.Linear_Interp($AB$3:$AB$21,$AE$3:$AE$21,A10) -> 7.0470588 | U10: =_xll.SRS1Splines.Functions25.Linear_Interp($AB$3:$AB$21,$AF$3:$AF$21,A10) -> 11.188235 | V10: 99 | W10: 85 | X10: 0 | Y10: 0 | Z10: 246.06205 | AB10: 0.22 | AC10: 83 | AD10: 21 | AE10: 21 | AF10: 53
A11: 0.085106383 | B11: 2 | C11: 25.794412 | D11: 25.794412 | E11: 25.794412 | F11: 25.794412 | G11: 14.691618 | H11: 23.265234 | I11: 23.604305 | J11: 4 | K11: 4 | L11: 0 | M11: 0 | N11: 0 | O11: 0 | P11: 0 | Q11: 0 | R11: =_xll.SRS1Splines.Functions25.Linear_Interp($AB$3:$AB$21,$AC$3:$AC$21,A11) -> 11.743429 | S11: =_xll.SRS1Splines.Functions25.Linear_Interp($AB$3:$AB$21,$AD$3:$AD$21,A11) -> 7.2478098 | T11: =_xll.SRS1Splines.Functions25.Linear_Interp($AB$3:$AB$21,$AE$3:$AE$21,A11) -> 7.2478098 | U11: =_xll.SRS1Splines.Functions25.Linear_Interp($AB$3:$AB$21,$AF$3:$AF$21,A11) -> 11.991239 | V11: 99 | W11: 85 | X11: 0 | Y11: 0 | Z11: 245.64196 | AB11: 0.268 | AC11: 89 | AD11: 21 | AE11: 23 | AF11: 67
A12: 0.1 | B12: 2 | C12: 24 | D12: 24 | E12: 24 | F12: 24 | G12: 12 | H12: 25.272456 | I12: 26.75367 | J12: 4 | K12: 4 | L12: 0 | M12: 0.5 | N12: 0.7 | O12: 0 | P12: 0 | Q12: 0 | R12: =_xll.SRS1Splines.Functions25.Linear_Interp($AB$3:$AB$21,$AC$3:$AC$21,A12) -> 17 | S12: =_xll.SRS1Splines.Functions25.Linear_Interp($AB$3:$AB$21,$AD$3:$AD$21,A12) -> 9 | T12: =_xll.SRS1Splines.Functions25.Linear_Interp($AB$3:$AB$21,$AE$3:$AE$21,A12) -> 9 | U12: =_xll.SRS1Splines.Functions25.Linear_Interp($AB$3:$AB$21,$AF$3:$AF$21,A12) -> 19 | V12: 99 | W12: 85 | X12: 0 | Y12: 0 | Z12: 241.97535 | AB12: 0.323 | AC12: 91 | AD12: 21 | AE12: 21 | AF12: 75
A13: 0.10638298 | B13: 2 | C13: 23.392097 | D13: 23.392097 | E13: 23.392097 | F13: 23.392097 | G13: 11.594732 | H13: 26.361059 | I13: 27.886409 | J13: 4 | K13: 4 | L13: 0 | M13: 0.7 | N13: 0.9 | O13: 0 | P13: 0 | Q13: 0 | R13: =_xll.SRS1Splines.Functions25.Linear_Interp($AB$3:$AB$21,$AC$3:$AC$21,A13) -> 21.255319 | S13: =_xll.SRS1Splines.Functions25.Linear_Interp($AB$3:$AB$21,$AD$3:$AD$21,A13) -> 9.4052685 | T13: =_xll.SRS1Splines.Functions25.Linear_Interp($AB$3:$AB$21,$AE$3:$AE$21,A13) -> 9.6079027 | U13: =_xll.SRS1Splines.Functions25.Linear_Interp($AB$3:$AB$21,$AF$3:$AF$21,A13) -> 24.876393 | V13: 98.189463 | W13: 83.58156 | X13: 0 | Y13: 0 | Z13: 241.95167 | AB13: 0.369 | AC13: 89 | AD13: 19 | AE13: 21 | AF13: 73
A14: 0.12765957 | B14: 2 | C14: 21.365755 | D14: 21.365755 | E14: 21.365755 | F14: 21.365755 | G14: 10.243837 | H14: 29.989738 | I14: 31.662205 | J14: 4 | K14: 4 | L14: 0 | M14: 2 | N14: 2.4 | O14: 0 | P14: 0 | Q14: 0 | R14: =_xll.SRS1Splines.Functions25.Linear_Interp($AB$3:$AB$21,$AC$3:$AC$21,A14) -> 35.439716 | S14: =_xll.SRS1Splines.Functions25.Linear_Interp($AB$3:$AB$21,$AD$3:$AD$21,A14) -> 10.756163 | T14: =_xll.SRS1Splines.Functions25.Linear_Interp($AB$3:$AB$21,$AE$3:$AE$21,A14) -> 11.634245 | U14: =_xll.SRS1Splines.Functions25.Linear_Interp($AB$3:$AB$21,$AF$3:$AF$21,A14) -> 44.46437 | V14: 95.487673 | W14: 78.853428 | X14: 0 | Y14: 0 | Z14: 241.87273 | AB14: 0.45 | AC14: 83 | AD14: 19 | AE14: 19 | AF14: 71
... A21: 0.23404255 | B21: 2 | C21: 7.992125 | D21: 7.992125 | E21: 7.992125 | F21: 7.992125 | G21: 7.2779424 | H21: 48.374221 | I21: 51.59385 | J21: 4.0946985 | K21: 4.0946985 | L21: 6.8072442 | M21: 4.9029999 | N21: 5.405758 | O21: 0 | P21: 0 | Q21: 0 | R21: =_xll.SRS1Splines.Functions25.Linear_Interp($AB$3:$AB$21,$AC$3:$AC$21,A21) -> 84.755319 | S21: =_xll.SRS1Splines.Functions25.Linear_Interp($AB$3:$AB$21,$AD$3:$AD$21,A21) -> 21 | T21: =_xll.SRS1Splines.Functions25.Linear_Interp($AB$3:$AB$21,$AE$3:$AE$21,A21) -> 21.585106 | U21: =_xll.SRS1Splines.Functions25.Linear_Interp($AB$3:$AB$21,$AF$3:$AF$21,A21) -> 57.095745 | V21: 83.503929 | W21: 63.834643 | X21: 13.834643 | Y21: 0 | Z21: 236.31434 | AB21: 1 | AC21: 0 | AD21: 0 | AE21: 0 | AF21: 0
A22: 0.25531915 | B22: 2 | C22: 7.3741326 | D22: 7.3741326 | E22: 7.3741326 | F22: 7.3741326 | G22: 7.2253857 | H22: 52.694179 | I22: 56.437739 | J22: 4.2381811 | K22: 4.2381811 | L22: 6.8284398 | M22: 4.9751877 | N22: 5.4654372 | O22: 0 | P22: 0 | Q22: 0 | R22: =_xll.SRS1Splines.Functions25.Linear_Interp($AB$3:$AB$21,$AC$3:$AC$21,A22) -> 87.414894 | S22: =_xll.SRS1Splines.Functions25.Linear_Interp($AB$3:$AB$21,$AD$3:$AD$21,A22) -> 21 | T22: =_xll.SRS1Splines.Functions25.Linear_Interp($AB$3:$AB$21,$AE$3:$AE$21,A22) -> 22.471631 | U22: =_xll.SRS1Splines.Functions25.Linear_Interp($AB$3:$AB$21,$AF$3:$AF$21,A22) -> 63.301418 | V22: 78.206851 | W22: 62.06895 | X22: 12.06895 | Y22: 0 | Z22: 232.97876
A23: 0.2682 | B23: 2 | C23: 7 | D23: 7 | E23: 7 | F23: 7 | G23: 7.1935679 | H23: 55.309482 | I23: 59.37023 | J23: 4.3250455 | K23: 4.3250455 | L23: 6.8412716 | M23: 5.0188903 | N23: 5.501567 | O23: 0 | P23: 0 | Q23: 0 | R23: =_xll.SRS1Splines.Functions25.Linear_Interp($AB$3:$AB$21,$AC$3:$AC$21,A23) -> 89.007273 | S23: =_xll.SRS1Splines.Functions25.Linear_Interp($AB$3:$AB$21,$AD$3:$AD$21,A23) -> 21 | T23: =_xll.SRS1Splines.Functions25.Linear_Interp($AB$3:$AB$21,$AE$3:$AE$21,A23) -> 22.992727 | U23: =_xll.SRS1Splines.Functions25.Linear_Interp($AB$3:$AB$21,$AF$3:$AF$21,A23) -> 67.029091 | V23: 75 | W23: 61 | X23: 11 | Y23: 0 | Z23: 230.9594
A24: 0.27659574 | B24: 2 | C24: 6.923675 | D24: 6.923675 | E24: 6.923675 | F24: 6.923675 | G24: 7.0664934 | H24: 56.195367 | I24: 60.305707 | J24: 4.4943081 | K24: 4.4943081 | L24: 6.8458879 | M24: 5.0378166 | N24: 5.5183597 | O24: 0 | P24: 0 | Q24: 0 | R24: =_xll.SRS1Splines.Functions25.Linear_Interp($AB$3:$AB$21,$AC$3:$AC$21,A24) -> 89.312573 | S24: =_xll.SRS1Splines.Functions25.Linear_Interp($AB$3:$AB$21,$AD$3:$AD$21,A24) -> 21 | T24: =_xll.SRS1Splines.Functions25.Linear_Interp($AB$3:$AB$21,$AE$3:$AE$21,A24) -> 22.687427 | U24: =_xll.SRS1Splines.Functions25.Linear_Interp($AB$3:$AB$21,$AF$3:$AF$21,A24) -> 68.25029 | V24: 73.168201 | W24: 59.778801 | X24: 10.3894 | Y24: 0 | Z24: 227.98287
A25: 0.29787234 | B25: 2 | C25: 6.7302515 | D25: 6.7302515 | E25: 6.7302515 | F25: 6.7302515 | G25: 6.7444598 | H25: 58.440389 | I25: 62.676405 | J25: 4.9232553 | K25: 4.9232553 | L25: 6.8575865 | M25: 5.0857798 | N25: 5.5609162 | O25: 0 | P25: 0 | Q25: 0 | R25: =_xll.SRS1Splines.Functions25.Linear_Interp($AB$3:$AB$21,$AC$3:$AC$21,A25) -> 90.086267 | S25: =_xll.SRS1Splines.Functions25.Linear_Interp($AB$3:$AB$21,$AD$3:$AD$21,A25) -> 21 | T25: =_xll.SRS1Splines.Functions25.Linear_Interp($AB$3:$AB$21,$AE$3:$AE$21,A25) -> 21.913733 | U25: =_xll.SRS1Splines.Functions25.Linear_Interp($AB$3:$AB$21,$AF$3:$AF$21,A25) -> 71.345068 | V25: 68.526035 | W25: 56.684023 | X25: 8.8420116 | Y25: 0 | Z25: 220.43971
A26: 0.31914894 | B26: 2 | C26: 6.5368279 | D26: 6.5368279 | E26: 6.5368279 | F26: 6.5368279 | G26: 6.4224262 | H26: 60.68541 | I26: 65.047103 | J26: 5.3522025 | K26: 5.3522025 | L26: 6.8692851 | M26: 5.133743 | N26: 5.6034726 | O26: 0 | P26: 0 | Q26: 0 | R26: =_xll.SRS1Splines.Functions25.Linear_Interp($AB$3:$AB$21,$AC$3:$AC$21,A26) -> 90.859961 | S26: =_xll.SRS1Splines.Functions25.Linear_Interp($AB$3:$AB$21,$AD$3:$AD$21,A26) -> 21 | T26: =_xll.SRS1Splines.Functions25.Linear_Interp($AB$3:$AB$21,$AE$3:$AE$21,A26) -> 21.140039 | U26: =_xll.SRS1Splines.Functions25.Linear_Interp($AB$3:$AB$21,$AF$3:$AF$21,A26) -> 74.439845 | V26: 63.883868 | W26: 53.589246 | X26: 7.2946228 | Y26: 0 | Z26: 212.89655
A27: 0.3232 | B27: 2 | C27: 6.5 | D27: 6.5 | E27: 6.5 | F27: 6.5 | G27: 6.361111 | H27: 61.112863 | I27: 65.498484 | J27: 5.4338741 | K27: 5.4338741 | L27: 6.8715125 | M27: 5.1428752 | N27: 5.6115753 | O27: 0 | P27: 0 | Q27: 0 | R27: =_xll.SRS1Splines.Functions25.Linear_Interp($AB$3:$AB$21,$AC$3:$AC$21,A27) -> 90.991304 | S27: =_xll.SRS1Splines.Functions25.Linear_Interp($AB$3:$AB$21,$AD$3:$AD$21,A27) -> 20.991304 | T27: =_xll.SRS1Splines.Functions25.Linear_Interp($AB$3:$AB$21,$AE$3:$AE$21,A27) -> 21 | U27: =_xll.SRS1Splines.Functions25.Linear_Interp($AB$3:$AB$21,$AF$3:$AF$21,A27) -> 74.991304 | V27: 63 | W27: 53 | X27: 7 | Y27: 0 | Z27: 211.46034
A28: 0.34042553 | B28: 2 | C28: 6.3111236 | D28: 6.3111236 | E28: 6.3111236 | F28: 6.3111236 | G28: 6.1301083 | H28: 63.08536 | I28: 68.108795 | J28: 5.6834304 | K28: 5.6834304 | L28: 6.8740157 | M28: 5.1865756 | N28: 5.621165 | O28: 0 | P28: 0 | Q28: 0 | R28: =_xll.SRS1Splines.Functions25.Linear_Interp($AB$3:$AB$21,$AC$3:$AC$21,A28) -> 90.242368 | S28: =_xll.SRS1Splines.Functions25.Linear_Interp($AB$3:$AB$21,$AD$3:$AD$21,A28) -> 20.242368 | T28: =_xll.SRS1Splines.Functions25.Linear_Interp($AB$3:$AB$21,$AE$3:$AE$21,A28) -> 21 | U28: =_xll.SRS1Splines.Functions25.Linear_Interp($AB$3:$AB$21,$AF$3:$AF$21,A28) -> 74.242368 | V28: 59.977977 | W28: 51.488988 | X28: 6.2444942 | Y28: 0 | Z28: 205.43174
A29: 0.36170213 | B29: 2 | C29: 6.0778275 | D29: 6.0778275 | E29: 6.0778275 | F29: 6.0778275 | G29: 5.8447788 | H29: 65.521745 | I29: 71.332992 | J29: 5.9916769 | K29: 5.9916769 | L29: 6.8771076 | M29: 5.2405533 | N29: 5.63301 | O29: 0 | P29: 0 | Q29: 0 | R29: =_xll.SRS1Splines.Functions25.Linear_Interp($AB$3:$AB$21,$AC$3:$AC$21,A29) -> 89.317299 | S29: =_xll.SRS1Splines.Functions25.Linear_Interp($AB$3:$AB$21,$AD$3:$AD$21,A29) -> 19.317299 | T29: =_xll.SRS1Splines.Functions25.Linear_Interp($AB$3:$AB$21,$AE$3:$AE$21,A29) -> 21 | U29: =_xll.SRS1Splines.Functions25.Linear_Interp($AB$3:$AB$21,$AF$3:$AF$21,A29) -> 73.317299 | V29: 56.245241 | W29: 49.62262 | X29: 5.3113102 | Y29: 0 | Z29: 197.98535
A30: 0.3688 | B30: 2 | C30: 6 | D30: 6 | E30: 6 | F30: 6 | G30: 5.7495929 | H30: 66.334523 | I30: 72.408585 | J30: 6.0945079 | K30: 6.0945079 | L30: 6.878139 | M30: 5.2585602 | N30: 5.6369615 | O30: 0 | P30: 0 | Q30: 0 | R30: =_xll.SRS1Splines.Functions25.Linear_Interp($AB$3:$AB$21,$AC$3:$AC$21,A30) -> 89.008696 | S30: =_xll.SRS1Splines.Functions25.Linear_Interp($AB$3:$AB$21,$AD$3:$AD$21,A30) -> 19.008696 | T30: =_xll.SRS1Splines.Functions25.Linear_Interp($AB$3:$AB$21,$AE$3:$AE$21,A30) -> 21 | U30: =_xll.SRS1Splines.Functions25.Linear_Interp($AB$3:$AB$21,$AF$3:$AF$21,A30) -> 73.008696 | V30: 55 | W30: 49 | X30: 5 | Y30: 0 | Z30: 195.50124
A31: 0.38297872 | B31: 2 | C31: 5.9145392 | D31: 5.9145392 | E31: 5.9145392 | F31: 5.9145392 | G31: 6.0312106 | H31: 67.072209 | I31: 72.851402 | J31: 6.3691672 | K31: 6.3691672 | L31: 6.8689487 | M31: 5.2543294 | N31: 5.6247102 | O31: 0 | P31: 0 | Q31: 0 | R31: =_xll.SRS1Splines.Functions25.Linear_Interp($AB$3:$AB$21,$AC$3:$AC$21,A31) -> 87.964539 | S31: =_xll.SRS1Splines.Functions25.Linear_Interp($AB$3:$AB$21,$AD$3:$AD$21,A31) -> 19 | T31: =_xll.SRS1Splines.Functions25.Linear_Interp($AB$3:$AB$21,$AE$3:$AE$21,A31) -> 20.654846 | U31: =_xll.SRS1Splines.Functions25.Linear_Interp($AB$3:$AB$21,$AF$3:$AF$21,A31) -> 72.654846 | V31: 53.952311 | W31: 47.603081 | X31: 4.6507704 | Y31: 0 | Z31: 189.02332
A32: 0.40425532 | B32: 2 | C32: 5.7862966 | D32: 5.7862966 | E32: 5.7862966 | F32: 5.7862966 | G32: 4.1165406 | H32: 68.179181 | I32: 73.515895 | J32: 6.781321 | K32: 6.781321 | L32: 6.8551577 | M32: 5.2479806 | N32: 5.6063258 | O32: 0 | P32: 0 | Q32: 0 | R32: =_xll.SRS1Splines.Functions25.Linear_Interp($AB$3:$AB$21,$AC$3:$AC$21,A32) -> 86.388495 | S32: =_xll.SRS1Splines.Functions25.Linear_Interp($AB$3:$AB$21,$AD$3:$AD$21,A32) -> 19 | T32: =_xll.SRS1Splines.Functions25.Linear_Interp($AB$3:$AB$21,$AE$3:$AE$21,A32) -> 20.129498 | U32: =_xll.SRS1Splines.Functions25.Linear_Interp($AB$3:$AB$21,$AF$3:$AF$21,A32) -> 72.129498 | V32: 52.380149 | W32: 45.506865 | X32: 4.1267163 | Y32: 0 | Z32: 179.30255
A33: 0.42553191 | B33: 2 | C33: 5.658054 | D33: 5.658054 | E33: 5.658054 | F33: 5.658054 | G33: 2.2018705 | H33: 69.286154 | I33: 74.180387 | J33: 7.1934748 | K33: 7.1934748 | L33: 6.8413667 | M33: 5.2416317 | N33: 5.5879414 | O33: 0 | P33: 0 | Q33: 0 | R33: =_xll.SRS1Splines.Functions25.Linear_Interp($AB$3:$AB$21,$AC$3:$AC$21,A33) -> 84.812451 | S33: =_xll.SRS1Splines.Functions25.Linear_Interp($AB$3:$AB$21,$AD$3:$AD$21,A33) -> 19 | T33: =_xll.SRS1Splines.Functions25.Linear_Interp($AB$3:$AB$21,$AE$3:$AE$21,A33) -> 19.60415 | U33: =_xll.SRS1Splines.Functions25.Linear_Interp($AB$3:$AB$21,$AF$3:$AF$21,A33) -> 71.60415 | V33: 50.807987 | W33: 43.410649 | X33: 3.6026622 | Y33: 0 | Z33: 169.58179
... A67: 1 | B67: 3 | C67: 1 | D67: 1 | E67: 1 | F67: 1 | G67: 0 | H67: 0 | I67: 0 | J67: 0 | K67: 0 | L67: 0 | M67: 0 | N67: 0 | O67: 0 | P67: 0 | Q67: 0 | R67: =_xll.SRS1Splines.Functions25.Linear_Interp($AB$3:$AB$21,$AC$3:$AC$21,A67) -> 0 | S67: =_xll.SRS1Splines.Functions25.Linear_Interp($AB$3:$AB$21,$AD$3:$AD$21,A67) -> 0 | T67: =_xll.SRS1Splines.Functions25.Linear_Interp($AB$3:$AB$21,$AE$3:$AE$21,A67) -> 0 | U67: =_xll.SRS1Splines.Functions25.Linear_Interp($AB$3:$AB$21,$AF$3:$AF$21,A67) -> 0 | V67: 0 | W67: 0 | X67: 0 | Y67: 0 | Z67: 13.921095

Sheet BladeMaterials
A1: MATERIALS DATA | G1: CORE DATA
A3: Shell Skin | B3: Entspricht Triaxial! | G3: Skin Core
A4: E11 | B4: 21790 | C4: [MPa] | G4: E | H4: 50 | I4: [MPa]
A5: E22 | B5: 14670 | C5: [MPa] | G5: G | H5: 150 | I5: [MPa]
A6: v12 | B6: 0.478 | C6: [-] | G6: Density | H6: 110 | I6: [kg/m^3]
A7: G12 | B7: 9413 | C7: [MPa] | G7: Sigma11Max | H7: 0.694 | I7: [MPa]
A8: Sigma11Max | B8: 480.4 | C8: [MPa] | G8: Sigma11Min | H8: 0.4 | I8: [MPa]
A9: Sigma11Min | B9: 393 | C9: [MPa] | G9: TauMax | H9: 0.307 | I9: [MPa]
A10: Sigma22Max | B10: 90.4 | C10: [MPa]
A11: Sigma22Min | B11: 152.7 | C11: [MPa] | G11: Skin Core
A12: TauMax | B12: 114 | C12: [MPa] | G12: E | H12: 50 | I12: [MPa]
A13: Epsilon11Max | B13: 2.2 | C13: [%] | G13: G | H13: 150 | I13: [MPa]
A14: Epsilon11Min | B14: 1.8 | C14: [%] | G14: Density | H14: 110 | I14: [kg/m^3]
A15: Epsilon22Max | B15: 0.62 | C15: [%] | G15: Sigma11Max | H15: 0.694 | I15: [MPa]
A16: Epsilon22Min | B16: 1.04 | C16: [%] | G16: Sigma11Min | H16: 0.4 | I16: [MPa]
A17: GammaMax | B17: 1.21 | C17: [%] | G17: TauMax | H17: 0.307 | I17: [MPa]
A18: FiberOrientation | B18: 0 | C18: [deg]
A19: LayerThickness | B19: 0.0001 | C19: [mm] | G19: Adhesive
A20: FiberFraction | B20: 0.47931035 | C20: [-] | G20: E | H20: 4.56 | I20: [MPa]
A21: densityEpoxy | B21: 1150 | C21: [kg/m^3] | G21: G | H21: 1.45 | I21: [MPa]
A22: densityFiber | B22: 2600 | C22: [kg/m^3] | G22: Density | H22: 1100 | I22: [kg/m^3]
A23: density | B23: 1845 | C23: [kg/m^3] | G23: Sigma11Max | H23: 61.513 | I23: [MPa]
A24: FatigueSNSlope | B24: 10 | C24: [-] | G24: Sigma11Min | H24: 65.361 | I24: [MPa]
A25: PriceEpoxy | B25: 4.67 | C25: [$/kg] | G25: TauMax | H25: 36.611 | I25: [MPa]
A26: PriceFiber | B26: 2.97 | C26: [$/kg]
G27: Paint
A28: Spar Caps | B28: Entspricht Unidirect! | G28: E | H28: 1e-06 | I28: [MPa]
A29: E11 | B29: 41630 | C29: [MPa] | G29: G | H29: 3.84e-07 | I29: [MPa]
A30: E22 | B30: 14930 | C30: [MPa] | D30: passt nicht! | G30: Density | H30: 1400 | I30: [kg/m^3]
A31: v12 | B31: 0.241 | C31: [-] | G31: Sigma11Max | H31: 10 | I31: [MPa]
A32: G12 | B32: 5047 | C32: [MPa] | G32: Sigma11Min | H32: 10 | I32: [MPa]
A33: Sigma11Max | B33: 876.1 | C33: [MPa] | G33: TauMax | H33: 10 | I33: [MPa]
A34: Sigma11Min | B34: 625.8 | C34: [MPa] | G34: LayerThickness | H34: 0.5 | I34: [mm]
A35: Sigma22Max | B35: 74.03 | C35: [MPa]
A36: Sigma22Min | B36: 189.4 | C36: [MPa] | G36: Non Structural Masses
A37: TauMax | B37: 56.58 | C37: [MPa] | G37: NSMassInfusionPly | H37: 0 | I37: [kg/m^2] | J37: (for 1 spar)
A38: Epsilon11Max | B38: 2.1 | C38: [%] | G38: NSMassResinSkin | H38: 2.5 | I38: [kg/m^2]
A39: Epsilon11Min | B39: 1.5 | C39: [%] | G39: NSMassResinWeb | H39: 0.8 | I39: [kg/m^2] | J39: (for 1 web)
A40: Epsilon22Max | B40: 0.5 | C40: [%] | G40: NSMassGlueWeb | H40: 2.3 | I40: [kg/m] | J40: (for 1 web)
A41: Epsilon22Min | B41: 1.27 | C41: [%] | G41: NSMassGLueLETE | H41: 2.88 | I41: [kg/m] | J41: (for LE & TE)
A42: GammaMax | B42: 1.12 | C42: [%] | G42: NSMassLight | H42: 0.5 | I42: [kg/m] | J42: ]
A43: FiberOrientation | B43: 0 | C43: [deg] | G43: NSMassBonding | H43: 3.9 | I43: [kg/m] | J43: (for 1 web)
A44: LayerThickness | B44: 0.0001 | C44: [mm] | G44: NSMassLight | H44: 0.5 | I44: [kg/m]
A45: FiberFraction | B45: 0.528 | C45: [-] | G45: NSMassBonding | H45: 3.9 | I45: [kg/m] | J45: (for 1 web)
A46: densityEpoxy | B46: 1180 | C46: [kg/m^3]
A47: densityFiber | B47: 2620 | C47: [kg/m^3]
A48: density | B48: 1915.5 | C48: [kg/m^3]
A49: FatigueSNSlope | B49: 10 | C49: [-]
A50: PriceEpoxy | B50: 4.67 | C50: [$/kg]
A51: PriceFiber | B51: 2.11 | C51: [$/kg]
A53: Shear Webs | B53: Entspricht Biaxial!
A54: E11 | B54: 13920 | C54: [MPa]
A55: E22 | B55: 13920 | C55: [MPa]
A56: v12 | B56: 0.533 | C56: [-] | D56: kann nicht sein!!!
A57: G12 | B57: 11500 | C57: [MPa]
A58: Sigma11Max | B58: 223.2 | C58: [MPa]
A59: Sigma11Min | B59: 209.2 | C59: [MPa]
A60: Sigma22Max | B60: 223.2 | C60: [MPa]
A61: Sigma22Min | B61: 209.2 | C61: [MPa]
A62: TauMax | B62: 140.3 | C62: [MPa]
A63: Epsilon11Max | B63: 1.6 | C63: [%]
A64: Epsilon11Min | B64: 1.5 | C64: [%]
A65: Epsilon22Max | B65: 1.6 | C65: [%]
A66: Epsilon22Min | B66: 1.5 | C66: [%]
A67: GammaMax | B67: 1.22 | C67: [%]
A68: FiberOrientation | B68: 0 | C68: [deg]
... A76: PriceFiber | B76: 2.97 | C76: [$/kg]
A78: TE-LE Reinforcements
A79: E11 | B79: 41630 | C79: [MPa]
A80: E22 | B80: 14930 | C80: [MPa]
A81: v12 | B81: 0.241 | C81: [-]
A82: G12 | B82: 5047 | C82: [MPa]
A83: Sigma11Max | B83: 876.1 | C83: [MPa]
A84: Sigma11Min | B84: 625.8 | C84: [MPa]
A85: Sigma22Max | B85: 74.03 | C85: [MPa]
A86: Sigma22Min | B86: 189.4 | C86: [MPa]
A87: TauMax | B87: 56.58 | C87: [MPa]
A88: Epsilon11Max | B88: 2.1 | C88: [%]
A89: Epsilon11Min | B89: 1.5 | C89: [%]
A90: Epsilon22Max | B90: 0.5 | C90: [%]
... A101: PriceFiber | B101: 2.11 | C101: [$/kg]
A103: Root Reinforcements
A104: E11 | B104: 41630 | C104: [MPa]
A105: E22 | B105: 14930 | C105: [MPa]
A106: v12 | B106: 0.241 | C106: [-]
A107: G12 | B107: 5047 | C107: [MPa]
A108: Sigma11Max | B108: 876.1 | C108: [MPa]
A109: Sigma11Min | B109: 625.8 | C109: [MPa]
A110: Sigma22Max | B110: 74.03 | C110: [MPa]
A111: Sigma22Min | B111: 189.4 | C111: [MPa]
A112: TauMax | B112: 56.58 | C112: [MPa]
A113: Epsilon11Max | B113: 2.1 | C113: [%]
A114: Epsilon11Min | B114: 1.5 | C114: [%]
A115: Epsilon22Max | B115: 0.5 | C115: [%]
... A126: PriceFiber | B126: 2.11 | C126: [$/kg]
A128: Third Shear Web
A129: E11 | B129: 21790 | C129: [MPa]
A130: E22 | B130: 14670 | C130: [MPa]
A131: v12 | B131: 0.478 | C131: [-]
A132: G12 | B132: 9413 | C132: [MPa]
...

Sheet Layer thickness
B1: Shell TE SS | E1: Absolute Thicknesses | K1: Combined Thicknesses | S1: Shell_TE_SS | T1: Absolute Thicknesses
A2: Section | B2: Eta | C2: Blade Lenght (Position) | E2: Layer 1 - Triaxial | F2: Layer 2 - Unidirectional | G2: Layer 3 - Balsa | H2: Layer 4 - Unidirectional | I2: Layer 5 - Triaxial | K2: Layer 1 - Triaxial | L2: Layer 2 - Unidirectional | M2: Layer 3 - Balsa | N2: Layer 4 - Unidirectional | O2: Layer 5 - Triaxial | S2: Section | T2: TRIAXIAL_20MW | U2: UNIDIRECTIONAL_20MW | V2: BALSA_20MW | W2: UNIDIRECTIONAL_20MW | X2: TRIAXIAL_20MW
B3: [-] | C3: [m] | E3: [mm] | F3: [mm] | G3: [mm] | H3: [mm] | I3: [mm] | K3: [mm] | L3: [mm] | M3: [mm] | N3: [mm] | O3: [mm] | T3: [m] | U3: [m] | V3: [m] | W3: [m] | X3: [m]
A4: 1 | B4: 0 | C4: =B4*122.1399685 -> 0 | E4: =0.5*BladeCompThickness!C3 -> 27.5 | F4: =0.5*BladeCompThickness!G3 -> 9.5 | G4: =BladeCompThickness!R3 -> 0 | H4: =0.5*BladeCompThickness!G3 -> 9.5 | I4: =0.5*BladeCompThickness!C3 -> 27.5 | K4: =E4 -> 27.5 | L4: =K4+F4 -> 37 | M4: =L4+G4 -> 37 | N4: =M4+H4 -> 46.5 | O4: =N4+I4 -> 74 | S4: 1 | T4: =E4/1000 -> 0.0275 | U4: =F4/1000 -> 0.0095 | V4: =G4/1000 -> 0 | W4: =H4/1000 -> 0.0095 | X4: =I4/1000 -> 0.0275
A5: 2 | B5: 0.01 | C5: =B5*122.1399685 -> 1.2213997 | E5: =0.5*BladeCompThickness!C4 -> 27.5 | F5: =0.5*BladeCompThickness!G4 -> 9.5 | G5: =BladeCompThickness!R4 -> 0 | H5: =0.5*BladeCompThickness!G4 -> 9.5 | I5: =0.5*BladeCompThickness!C4 -> 27.5 | K5: =E5 -> 27.5 | L5: =K5+F5 -> 37 | M5: =L5+G5 -> 37 | N5: =M5+H5 -> 46.5 | O5: =N5+I5 -> 74 | S5: 2 | T5: =E5/1000 -> 0.0275 | U5: =F5/1000 -> 0.0095 | V5: =G5/1000 -> 0 | W5: =H5/1000 -> 0.0095 | X5: =I5/1000 -> 0.0275
A6: 3 | B6: 0.021276596 | C6: =B6*122.1399685 -> 2.5987227 | E6: =0.5*BladeCompThickness!C5 -> 19.98227 | F6: =0.5*BladeCompThickness!G5 -> 9.5 | G6: =BladeCompThickness!R5 -> 0.75177305 | H6: =0.5*BladeCompThickness!G5 -> 9.5 | I6: =0.5*BladeCompThickness!C5 -> 19.98227 | K6: =E6 -> 19.98227 | L6: =K6+F6 -> 29.48227 | M6: =L6+G6 -> 30.234043 | N6: =M6+H6 -> 39.734043 | O6: =N6+I6 -> 59.716312 | S6: 3 | T6: =E6/1000 -> 0.01998227 | U6: =F6/1000 -> 0.0095 | V6: =G6/1000 -> 0.00075177305 | W6: =H6/1000 -> 0.0095 | X6: =I6/1000 -> 0.01998227
A7: 4 | B7: 0.025 | C7: =B7*122.1399685 -> 3.0534992 | E7: =0.5*BladeCompThickness!C6 -> 17.5 | F7: =0.5*BladeCompThickness!G6 -> 9.5 | G7: =BladeCompThickness!R6 -> 1 | H7: =0.5*BladeCompThickness!G6 -> 9.5 | I7: =0.5*BladeCompThickness!C6 -> 17.5 | K7: =E7 -> 17.5 | L7: =K7+F7 -> 27 | M7: =L7+G7 -> 28 | N7: =M7+H7 -> 37.5 | O7: =N7+I7 -> 55 | S7: 4 | T7: =E7/1000 -> 0.0175 | U7: =F7/1000 -> 0.0095 | V7: =G7/1000 -> 0.001 | W7: =H7/1000 -> 0.0095 | X7: =I7/1000 -> 0.0175
A8: 5 | B8: 0.042553191 | C8: =B8*122.1399685 -> 5.1974455 | E8: =0.5*BladeCompThickness!C7 -> 15.393617 | F8: =0.5*BladeCompThickness!G7 -> 8.9734043 | G8: =BladeCompThickness!R7 -> 5.212766 | H8: =0.5*BladeCompThickness!G7 -> 8.9734043 | I8: =0.5*BladeCompThickness!C7 -> 15.393617 | K8: =E8 -> 15.393617 | L8: =K8+F8 -> 24.367021 | M8: =L8+G8 -> 29.579787 | N8: =M8+H8 -> 38.553191 | O8: =N8+I8 -> 53.946809 | S8: 5 | T8: =E8/1000 -> 0.015393617 | U8: =F8/1000 -> 0.0089734043 | V8: =G8/1000 -> 0.005212766 | W8: =H8/1000 -> 0.0089734043 | X8: =I8/1000 -> 0.015393617
A9: 6 | B9: 0.05 | C9: =B9*122.1399685 -> 6.1069984 | E9: =0.5*BladeCompThickness!C8 -> 14.5 | F9: =0.5*BladeCompThickness!G8 -> 8.75 | G9: =BladeCompThickness!R8 -> 7 | H9: =0.5*BladeCompThickness!G8 -> 8.75 | I9: =0.5*BladeCompThickness!C8 -> 14.5 | K9: =E9 -> 14.5 | L9: =K9+F9 -> 23.25 | M9: =L9+G9 -> 30.25 | N9: =M9+H9 -> 39 | O9: =N9+I9 -> 53.5 | S9: 6 | T9: =E9/1000 -> 0.0145 | U9: =F9/1000 -> 0.00875 | V9: =G9/1000 -> 0.007 | W9: =H9/1000 -> 0.00875 | X9: =I9/1000 -> 0.0145
A10: 7 | B10: 0.063829787 | C10: =B10*122.1399685 -> 7.7961682 | E10: =0.5*BladeCompThickness!C9 -> 13.878902 | F10: =0.5*BladeCompThickness!G9 -> 8.2324181 | G10: =BladeCompThickness!R9 -> 8.6763378 | H10: =0.5*BladeCompThickness!G9 -> 8.2324181 | I10: =0.5*BladeCompThickness!C9 -> 13.878902 | K10: =E10 -> 13.878902 | L10: =K10+F10 -> 22.11132 | M10: =L10+G10 -> 30.787658 | N10: =M10+H10 -> 39.020076 | O10: =N10+I10 -> 52.898978 | S10: 7 | T10: =E10/1000 -> 0.013878902 | U10: =F10/1000 -> 0.0082324181 | V10: =G10/1000 -> 0.0086763378 | W10: =H10/1000 -> 0.0082324181 | X10: =I10/1000 -> 0.013878902
A11: 8 | B11: 0.0834 | C11: =B11*122.1399685 -> 10.186473 | E11: =0.5*BladeCompThickness!C10 -> 13 | F11: =0.5*BladeCompThickness!G10 -> 7.5 | G11: =BladeCompThickness!R10 -> 11.141176 | H11: =0.5*BladeCompThickness!G10 -> 7.5 | I11: =0.5*BladeCompThickness!C10 -> 13 | K11: =E11 -> 13 | L11: =K11+F11 -> 20.5 | M11: =L11+G11 -> 31.641176 | N11: =M11+H11 -> 39.141176 | O11: =N11+I11 -> 52.141176 | S11: 8 | T11: =E11/1000 -> 0.013 | U11: =F11/1000 -> 0.0075 | V11: =G11/1000 -> 0.011141176 | W11: =H11/1000 -> 0.0075 | X11: =I11/1000 -> 0.013
A12: 9 | B12: 0.085106383 | C12: =B12*122.1399685 -> 10.394891 | E12: =0.5*BladeCompThickness!C11 -> 12.897206 | F12: =0.5*BladeCompThickness!G11 -> 7.3458088 | G12: =BladeCompThickness!R11 -> 11.743429 | H12: =0.5*BladeCompThickness!G11 -> 7.3458088 | I12: =0.5*BladeCompThickness!C11 -> 12.897206 | K12: =E12 -> 12.897206 | L12: =K12+F12 -> 20.243015 | M12: =L12+G12 -> 31.986444 | N12: =M12+H12 -> 39.332253 | O12: =N12+I12 -> 52.229459 | S12: 9 | T12: =E12/1000 -> 0.012897206 | U12: =F12/1000 -> 0.0073458088 | V12: =G12/1000 -> 0.011743429 | W12: =H12/1000 -> 0.0073458088 | X12: =I12/1000 -> 0.012897206
A13: 10 | B13: 0.1 | C13: =B13*122.1399685 -> 12.213997 | E13: =0.5*BladeCompThickness!C12 -> 12 | F13: =0.5*BladeCompThickness!G12 -> 6 | G13: =BladeCompThickness!R12 -> 17 | H13: =0.5*BladeCompThickness!G12 -> 6 | I13: =0.5*BladeCompThickness!C12 -> 12 | K13: =E13 -> 12 | L13: =K13+F13 -> 18 | M13: =L13+G13 -> 35 | N13: =M13+H13 -> 41 | O13: =N13+I13 -> 53 | S13: 10 | T13: =E13/1000 -> 0.012 | U13: =F13/1000 -> 0.006 | V13: =G13/1000 -> 0.017 | W13: =H13/1000 -> 0.006 | X13: =I13/1000 -> 0.012
A14: 11 | B14: 0.10638298 | C14: =B14*122.1399685 -> 12.993614 | E14: =0.5*BladeCompThickness!C13 -> 11.696049 | F14: =0.5*BladeCompThickness!G13 -> 5.7973658 | G14: =BladeCompThickness!R13 -> 21.255319 | H14: =0.5*BladeCompThickness!G13 -> 5.7973658 | I14: =0.5*BladeCompThickness!C13 -> 11.696049 | K14: =E14 -> 11.696049 | L14: =K14+F14 -> 17.493414 | M14: =L14+G14 -> 38.748734 | N14: =M14+H14 -> 44.546099 | O14: =N14+I14 -> 56.242148 | S14: 11 | T14: =E14/1000 -> 0.011696049 | U14: =F14/1000 -> 0.0057973658 | V14: =G14/1000 -> 0.021255319 | W14: =H14/1000 -> 0.0057973658 | X14: =I14/1000 -> 0.011696049
A15: 12 | B15: 0.12765957 | C15: =B15*122.1399685 -> 15.592336 | E15: =0.5*BladeCompThickness!C14 -> 10.682877 | F15: =0.5*BladeCompThickness!G14 -> 5.1219183 | G15: =BladeCompThickness!R14 -> 35.439716 | H15: =0.5*BladeCompThickness!G14 -> 5.1219183 | I15: =0.5*BladeCompThickness!C14 -> 10.682877 | K15: =E15 -> 10.682877 | L15: =K15+F15 -> 15.804796 | M15: =L15+G15 -> 51.244512 | N15: =M15+H15 -> 56.36643 | O15: =N15+I15 -> 67.049308 | S15: 12 | T15: =E15/1000 -> 0.010682877 | U15: =F15/1000 -> 0.0051219183 | V15: =G15/1000 -> 0.035439716 | W15: =H15/1000 -> 0.0051219183 | X15: =I15/1000 -> 0.010682877
... A68: 65 | B68: 1 | C68: =B68*122.1399685 -> 122.13997 | E68: =0.5*BladeCompThickness!C67 -> 0.5 | F68: =0.5*BladeCompThickness!G67 -> 0 | G68: =BladeCompThickness!R67 -> 0 | H68: =0.5*BladeCompThickness!G67 -> 0 | I68: =0.5*BladeCompThickness!C67 -> 0.5 | K68: =E68 -> 0.5 | L68: =K68+F68 -> 0.5 | M68: =L68+G68 -> 0.5 | N68: =M68+H68 -> 0.5 | O68: =N68+I68 -> 1 | S68: 65 | T68: =E68/1000 -> 0.0005 | U68: =F68/1000 -> 0 | V68: =G68/1000 -> 0 | W68: =H68/1000 -> 0 | X68: =I68/1000 -> 0.0005
B70: Shell LE SS | E70: Absolute Thicknesses | K70: Combined Thicknesses | S70: Shell_LE_SS | T70: Absolute Thicknesses
A71: Section | B71: Eta | C71: Blade Lenght (Position) | E71: Layer 1 - Triaxial | F71: Layer 2 - Unidirectional | G71: Layer 3 - Balsa | H71: Layer 4 - Unidirectional | I71: Layer 5 - Triaxial | K71: Layer 1 - Triaxial | L71: Layer 2 - Unidirectional | M71: Layer 3 - Balsa | N71: Layer 4 - Unidirectional | O71: Layer 5 - Triaxial | S71: Section | T71: TRIAXIAL_20MW | U71: UNIDIRECTIONAL_20MW | V71: BALSA_20MW | W71: UNIDIRECTIONAL_20MW | X71: TRIAXIAL_20MW
B72: [-] | C72: [m] | E72: [mm] | F72: [mm] | G72: [mm] | H72: [mm] | I72: [mm] | K72: [mm] | L72: [mm] | M72: [mm] | N72: [mm] | O72: [mm] | T72: [m] | U72: [m] | V72: [m] | W72: [m] | X72: [m]
A73: 1 | B73: 0 | C73: =B73*122.1399685 -> 0 | E73: =0.5*BladeCompThickness!D3 -> 27.5 | F73: =0.5*BladeCompThickness!G3 -> 9.5 | G73: =BladeCompThickness!S3 -> 0 | H73: =0.5*BladeCompThickness!G3 -> 9.5 | I73: =0.5*BladeCompThickness!D3 -> 27.5 | K73: =E73 -> 27.5 | L73: =K73+F73 -> 37 | M73: =L73+G73 -> 37 | N73: =M73+H73 -> 46.5 | O73: =N73+I73 -> 74 | S73: 1 | T73: =E73/1000 -> 0.0275 | U73: =F73/1000 -> 0.0095 | V73: =G73/1000 -> 0 | W73: =H73/1000 -> 0.0095 | X73: =I73/1000 -> 0.0275
A74: 2 | B74: 0.01 | C74: =B74*122.1399685 -> 1.2213997 | E74: =0.5*BladeCompThickness!D4 -> 27.5 | F74: =0.5*BladeCompThickness!G4 -> 9.5 | G74: =BladeCompThickness!S4 -> 0 | H74: =0.5*BladeCompThickness!G4 -> 9.5 | I74: =0.5*BladeCompThickness!D4 -> 27.5 | K74: =E74 -> 27.5 | L74: =K74+F74 -> 37 | M74: =L74+G74 -> 37 | N74: =M74+H74 -> 46.5 | O74: =N74+I74 -> 74 | S74: 2 | T74: =E74/1000 -> 0.0275 | U74: =F74/1000 -> 0.0095 | V74: =G74/1000 -> 0 | W74: =H74/1000 -> 0.0095 | X74: =I74/1000 -> 0.0275
A75: 3 | B75: 0.021276596 | C75: =B75*122.1399685 -> 2.5987227 | E75: =0.5*BladeCompThickness!D5 -> 19.98227 | F75: =0.5*BladeCompThickness!G5 -> 9.5 | G75: =BladeCompThickness!S5 -> 0.75177305 | H75: =0.5*BladeCompThickness!G5 -> 9.5 | I75: =0.5*BladeCompThickness!D5 -> 19.98227 | K75: =E75 -> 19.98227 | L75: =K75+F75 -> 29.48227 | M75: =L75+G75 -> 30.234043 | N75: =M75+H75 -> 39.734043 | O75: =N75+I75 -> 59.716312 | S75: 3 | T75: =E75/1000 -> 0.01998227 | U75: =F75/1000 -> 0.0095 | V75: =G75/1000 -> 0.00075177305 | W75: =H75/1000 -> 0.0095 | X75: =I75/1000 -> 0.01998227
A76: 4 | B76: 0.025 | C76: =B76*122.1399685 -> 3.0534992 | E76: =0.5*BladeCompThickness!D6 -> 17.5 | F76: =0.5*BladeCompThickness!G6 -> 9.5 | G76: =BladeCompThickness!S6 -> 1 | H76: =0.5*BladeCompThickness!G6 -> 9.5 | I76: =0.5*BladeCompThickness!D6 -> 17.5 | K76: =E76 -> 17.5 | L76: =K76+F76 -> 27 | M76: =L76+G76 -> 28 | N76: =M76+H76 -> 37.5 | O76: =N76+I76 -> 55 | S76: 4 | T76: =E76/1000 -> 0.0175 | U76: =F76/1000 -> 0.0095 | V76: =G76/1000 -> 0.001 | W76: =H76/1000 -> 0.0095 | X76: =I76/1000 -> 0.0175
A77: 5 | B77: 0.042553191 | C77: =B77*122.1399685 -> 5.1974455 | E77: =0.5*BladeCompThickness!D7 -> 15.393617 | F77: =0.5*BladeCompThickness!G7 -> 8.9734043 | G77: =BladeCompThickness!S7 -> 3.8085106 | H77: =0.5*BladeCompThickness!G7 -> 8.9734043 | I77: =0.5*BladeCompThickness!D7 -> 15.393617 | K77: =E77 -> 15.393617 | L77: =K77+F77 -> 24.367021 | M77: =L77+G77 -> 28.175532 | N77: =M77+H77 -> 37.148936 | O77: =N77+I77 -> 52.542553 | S77: 5 | T77: =E77/1000 -> 0.015393617 | U77: =F77/1000 -> 0.0089734043 | V77: =G77/1000 -> 0.0038085106 | W77: =H77/1000 -> 0.0089734043 | X77: =I77/1000 -> 0.015393617
